entity_id,state,last_changed
sensor.buro_rack_monitor_rack_temp_1,40.75,2026-07-13T05:30:00.000Z
sensor.buro_rack_monitor_rack_temp_1,40.8125,2026-07-13T05:30:42.729Z
sensor.buro_rack_monitor_rack_temp_1,40.75,2026-07-13T05:31:57.731Z
sensor.buro_rack_monitor_rack_temp_1,40.875,2026-07-13T05:32:27.723Z
sensor.buro_rack_monitor_rack_temp_1,41.0,2026-07-13T05:32:42.723Z
sensor.buro_rack_monitor_rack_temp_1,41.0625,2026-07-13T05:32:57.731Z
sensor.buro_rack_monitor_rack_temp_1,41.125,2026-07-13T05:33:12.723Z
sensor.buro_rack_monitor_rack_temp_1,41.0625,2026-07-13T05:34:27.741Z
sensor.buro_rack_monitor_rack_temp_1,41.0,2026-07-13T05:34:42.726Z
sensor.buro_rack_monitor_rack_temp_1,41.0625,2026-07-13T05:35:12.724Z
sensor.buro_rack_monitor_rack_temp_1,41.5,2026-07-13T05:35:27.731Z
sensor.buro_rack_monitor_rack_temp_1,41.8125,2026-07-13T05:35:42.724Z
sensor.buro_rack_monitor_rack_temp_1,41.9375,2026-07-13T05:35:57.750Z
sensor.buro_rack_monitor_rack_temp_1,41.875,2026-07-13T05:36:12.724Z
sensor.buro_rack_monitor_rack_temp_1,41.75,2026-07-13T05:36:27.728Z
sensor.buro_rack_monitor_rack_temp_1,41.625,2026-07-13T05:36:42.725Z
sensor.buro_rack_monitor_rack_temp_1,41.4375,2026-07-13T05:36:57.725Z
sensor.buro_rack_monitor_rack_temp_1,41.3125,2026-07-13T05:37:12.725Z
sensor.buro_rack_monitor_rack_temp_1,41.1875,2026-07-13T05:37:27.726Z
sensor.buro_rack_monitor_rack_temp_1,41.0625,2026-07-13T05:37:42.725Z
sensor.buro_rack_monitor_rack_temp_1,40.9375,2026-07-13T05:37:57.794Z
sensor.buro_rack_monitor_rack_temp_1,40.8125,2026-07-13T05:38:12.724Z
sensor.buro_rack_monitor_rack_temp_1,40.6875,2026-07-13T05:38:27.741Z
sensor.buro_rack_monitor_rack_temp_1,40.5625,2026-07-13T05:38:42.728Z
sensor.buro_rack_monitor_rack_temp_1,40.5,2026-07-13T05:38:57.722Z
sensor.buro_rack_monitor_rack_temp_1,40.4375,2026-07-13T05:39:12.750Z
sensor.buro_rack_monitor_rack_temp_1,40.375,2026-07-13T05:39:27.722Z
sensor.buro_rack_monitor_rack_temp_1,40.25,2026-07-13T05:39:42.771Z
sensor.buro_rack_monitor_rack_temp_1,40.125,2026-07-13T05:40:12.831Z
sensor.buro_rack_monitor_rack_temp_1,40.0625,2026-07-13T05:40:42.891Z
sensor.buro_rack_monitor_rack_temp_1,40.0,2026-07-13T05:40:57.722Z
sensor.buro_rack_monitor_rack_temp_1,39.9375,2026-07-13T05:41:27.721Z
sensor.buro_rack_monitor_rack_temp_1,39.875,2026-07-13T05:41:42.722Z
sensor.buro_rack_monitor_rack_temp_1,39.8125,2026-07-13T05:41:57.722Z
sensor.buro_rack_monitor_rack_temp_1,39.75,2026-07-13T05:42:12.723Z
sensor.buro_rack_monitor_rack_temp_1,39.6875,2026-07-13T05:42:27.722Z
sensor.buro_rack_monitor_rack_temp_1,39.625,2026-07-13T05:42:42.735Z
sensor.buro_rack_monitor_rack_temp_1,39.5625,2026-07-13T05:42:57.722Z
sensor.buro_rack_monitor_rack_temp_1,39.5,2026-07-13T05:43:12.722Z
sensor.buro_rack_monitor_rack_temp_1,39.4375,2026-07-13T05:43:42.726Z
sensor.buro_rack_monitor_rack_temp_1,39.375,2026-07-13T05:43:57.722Z
sensor.buro_rack_monitor_rack_temp_1,39.3125,2026-07-13T05:44:12.728Z
sensor.buro_rack_monitor_rack_temp_1,39.375,2026-07-13T05:44:42.726Z
sensor.buro_rack_monitor_rack_temp_1,39.3125,2026-07-13T05:44:57.726Z
sensor.buro_rack_monitor_rack_temp_1,39.25,2026-07-13T05:45:12.731Z
sensor.buro_rack_monitor_rack_temp_1,39.1875,2026-07-13T05:46:12.723Z
sensor.buro_rack_monitor_rack_temp_1,39.125,2026-07-13T05:46:42.724Z
sensor.buro_rack_monitor_rack_temp_1,39.0625,2026-07-13T05:46:57.940Z
sensor.buro_rack_monitor_rack_temp_1,39.0,2026-07-13T05:47:12.725Z
sensor.buro_rack_monitor_rack_temp_1,38.9375,2026-07-13T05:47:27.874Z
sensor.buro_rack_monitor_rack_temp_1,38.875,2026-07-13T05:47:57.919Z
sensor.buro_rack_monitor_rack_temp_1,38.8125,2026-07-13T05:48:28.067Z
sensor.buro_rack_monitor_rack_temp_1,38.75,2026-07-13T05:48:42.725Z
sensor.buro_rack_monitor_rack_temp_1,38.6875,2026-07-13T05:49:12.728Z
sensor.buro_rack_monitor_rack_temp_1,38.625,2026-07-13T05:49:57.725Z
sensor.buro_rack_monitor_rack_temp_1,38.5625,2026-07-13T05:50:12.727Z
sensor.buro_rack_monitor_rack_temp_1,38.5,2026-07-13T05:50:57.725Z
sensor.buro_rack_monitor_rack_temp_1,38.4375,2026-07-13T05:51:42.726Z
sensor.buro_rack_monitor_rack_temp_1,38.375,2026-07-13T05:52:12.727Z
sensor.buro_rack_monitor_rack_temp_1,38.3125,2026-07-13T05:52:57.728Z
sensor.buro_rack_monitor_rack_temp_1,38.25,2026-07-13T05:53:27.731Z
sensor.buro_rack_monitor_rack_temp_1,38.1875,2026-07-13T05:54:12.726Z
sensor.buro_rack_monitor_rack_temp_1,38.125,2026-07-13T05:54:57.726Z
sensor.buro_rack_monitor_rack_temp_1,38.0625,2026-07-13T05:55:57.727Z
sensor.buro_rack_monitor_rack_temp_1,38.0,2026-07-13T05:56:57.727Z
sensor.buro_rack_monitor_rack_temp_1,37.9375,2026-07-13T05:57:42.727Z
sensor.buro_rack_monitor_rack_temp_1,37.875,2026-07-13T05:58:57.728Z
sensor.buro_rack_monitor_rack_temp_1,37.8125,2026-07-13T05:59:27.729Z
sensor.buro_rack_monitor_rack_temp_1,37.75,2026-07-13T05:59:57.733Z
sensor.buro_rack_monitor_rack_temp_1,37.6875,2026-07-13T06:02:57.732Z
sensor.buro_rack_monitor_rack_temp_1,37.625,2026-07-13T06:03:42.730Z
sensor.buro_rack_monitor_rack_temp_1,37.5625,2026-07-13T06:04:12.731Z
sensor.buro_rack_monitor_rack_temp_1,37.625,2026-07-13T06:05:27.731Z
sensor.buro_rack_monitor_rack_temp_1,37.6875,2026-07-13T06:05:42.732Z
sensor.buro_rack_monitor_rack_temp_1,37.625,2026-07-13T06:05:57.731Z
sensor.buro_rack_monitor_rack_temp_1,37.5625,2026-07-13T06:06:57.734Z
sensor.buro_rack_monitor_rack_temp_1,37.5,2026-07-13T06:07:42.731Z
sensor.buro_rack_monitor_rack_temp_1,37.4375,2026-07-13T06:09:27.732Z
sensor.buro_rack_monitor_rack_temp_1,37.5,2026-07-13T06:10:57.733Z
sensor.buro_rack_monitor_rack_temp_1,37.4375,2026-07-13T06:12:42.733Z
sensor.buro_rack_monitor_rack_temp_1,37.5,2026-07-13T06:13:57.734Z
sensor.buro_rack_monitor_rack_temp_1,37.625,2026-07-13T06:14:12.737Z
sensor.buro_rack_monitor_rack_temp_1,37.6875,2026-07-13T06:14:27.738Z
sensor.buro_rack_monitor_rack_temp_1,37.625,2026-07-13T06:15:42.735Z
sensor.buro_rack_monitor_rack_temp_1,37.5625,2026-07-13T06:16:42.735Z
sensor.buro_rack_monitor_rack_temp_1,37.5,2026-07-13T06:17:27.735Z
sensor.buro_rack_monitor_rack_temp_1,37.5625,2026-07-13T06:17:42.741Z
sensor.buro_rack_monitor_rack_temp_1,37.5,2026-07-13T06:18:27.736Z
sensor.buro_rack_monitor_rack_temp_1,37.5625,2026-07-13T06:21:27.738Z
sensor.buro_rack_monitor_rack_temp_1,37.5,2026-07-13T06:22:12.737Z
sensor.buro_rack_monitor_rack_temp_1,37.5625,2026-07-13T06:22:27.737Z
sensor.buro_rack_monitor_rack_temp_1,37.5,2026-07-13T06:23:12.737Z
sensor.buro_rack_monitor_rack_temp_1,37.5625,2026-07-13T06:24:43.021Z
sensor.buro_rack_monitor_rack_temp_1,37.625,2026-07-13T06:30:57.740Z
sensor.buro_rack_monitor_rack_temp_1,37.5625,2026-07-13T06:31:12.743Z
sensor.buro_rack_monitor_rack_temp_1,37.625,2026-07-13T06:31:42.741Z
sensor.buro_rack_monitor_rack_temp_1,37.5625,2026-07-13T06:32:27.972Z
sensor.buro_rack_monitor_rack_temp_1,37.625,2026-07-13T06:32:42.740Z
sensor.buro_rack_monitor_rack_temp_1,37.5625,2026-07-13T06:32:58.283Z
sensor.buro_rack_monitor_rack_temp_1,37.625,2026-07-13T06:33:57.812Z
sensor.buro_rack_monitor_rack_temp_1,37.5625,2026-07-13T06:34:12.743Z
sensor.buro_rack_monitor_rack_temp_1,37.625,2026-07-13T06:34:42.741Z
sensor.buro_rack_monitor_rack_temp_1,37.75,2026-07-13T06:35:57.757Z
sensor.buro_rack_monitor_rack_temp_1,38.3125,2026-07-13T06:36:12.741Z
sensor.buro_rack_monitor_rack_temp_1,38.625,2026-07-13T06:36:27.743Z
sensor.buro_rack_monitor_rack_temp_1,38.8125,2026-07-13T06:36:42.743Z
sensor.buro_rack_monitor_rack_temp_1,38.75,2026-07-13T06:37:12.741Z
sensor.buro_rack_monitor_rack_temp_1,38.6875,2026-07-13T06:37:27.742Z
sensor.buro_rack_monitor_rack_temp_1,38.5625,2026-07-13T06:37:42.740Z
sensor.buro_rack_monitor_rack_temp_1,38.4375,2026-07-13T06:37:57.741Z
sensor.buro_rack_monitor_rack_temp_1,38.375,2026-07-13T06:38:12.740Z
sensor.buro_rack_monitor_rack_temp_1,38.25,2026-07-13T06:38:27.758Z
sensor.buro_rack_monitor_rack_temp_1,38.1875,2026-07-13T06:38:42.740Z
sensor.buro_rack_monitor_rack_temp_1,38.125,2026-07-13T06:38:57.764Z
sensor.buro_rack_monitor_rack_temp_1,38.0625,2026-07-13T06:39:12.740Z
sensor.buro_rack_monitor_rack_temp_1,38.0,2026-07-13T06:39:42.741Z
sensor.buro_rack_monitor_rack_temp_1,37.9375,2026-07-13T06:40:12.740Z
sensor.buro_rack_monitor_rack_temp_1,37.875,2026-07-13T06:41:27.924Z
sensor.buro_rack_monitor_rack_temp_1,37.8125,2026-07-13T06:42:27.905Z
sensor.buro_rack_monitor_rack_temp_1,37.75,2026-07-13T06:44:12.747Z
sensor.buro_rack_monitor_rack_temp_1,37.8125,2026-07-13T06:46:42.744Z
sensor.buro_rack_monitor_rack_temp_1,37.75,2026-07-13T06:46:57.786Z
sensor.buro_rack_monitor_rack_temp_1,37.8125,2026-07-13T06:51:12.744Z
sensor.buro_rack_monitor_rack_temp_1,37.75,2026-07-13T06:51:57.822Z
sensor.buro_rack_monitor_rack_temp_1,37.8125,2026-07-13T06:55:57.806Z
sensor.buro_rack_monitor_rack_temp_1,37.75,2026-07-13T06:57:27.884Z
sensor.buro_rack_monitor_rack_temp_1,37.5625,2026-07-13T06:57:42.746Z
sensor.buro_rack_monitor_rack_temp_1,37.5,2026-07-13T06:57:57.975Z
sensor.buro_rack_monitor_rack_temp_1,37.4375,2026-07-13T06:58:12.747Z
sensor.buro_rack_monitor_rack_temp_1,37.375,2026-07-13T06:58:42.749Z
sensor.buro_rack_monitor_rack_temp_1,37.4375,2026-07-13T06:59:27.814Z
sensor.buro_rack_monitor_rack_temp_1,37.375,2026-07-13T06:59:42.748Z
sensor.buro_rack_monitor_rack_temp_1,37.4375,2026-07-13T06:59:57.774Z
sensor.buro_rack_monitor_rack_temp_1,37.5,2026-07-13T07:00:27.908Z
sensor.buro_rack_monitor_rack_temp_1,37.5625,2026-07-13T07:00:42.751Z
sensor.buro_rack_monitor_rack_temp_1,37.625,2026-07-13T07:00:57.747Z
sensor.buro_rack_monitor_rack_temp_1,37.6875,2026-07-13T07:01:42.747Z
sensor.buro_rack_monitor_rack_temp_1,37.75,2026-07-13T07:01:57.748Z
sensor.buro_rack_monitor_rack_temp_1,37.8125,2026-07-13T07:02:27.748Z
sensor.buro_rack_monitor_rack_temp_1,37.875,2026-07-13T07:02:42.749Z
sensor.buro_rack_monitor_rack_temp_1,37.9375,2026-07-13T07:03:12.750Z
sensor.buro_rack_monitor_rack_temp_1,38.0,2026-07-13T07:03:57.753Z
sensor.buro_rack_monitor_rack_temp_1,37.625,2026-07-13T07:04:27.749Z
sensor.buro_rack_monitor_rack_temp_1,35.0,2026-07-13T07:04:42.750Z
sensor.buro_rack_monitor_rack_temp_1,33.3125,2026-07-13T07:04:57.749Z
sensor.buro_rack_monitor_rack_temp_1,32.3125,2026-07-13T07:05:12.749Z
sensor.buro_rack_monitor_rack_temp_1,31.75,2026-07-13T07:05:27.749Z
sensor.buro_rack_monitor_rack_temp_1,31.25,2026-07-13T07:05:42.749Z
sensor.buro_rack_monitor_rack_temp_1,30.9375,2026-07-13T07:05:57.750Z
sensor.buro_rack_monitor_rack_temp_1,30.75,2026-07-13T07:06:12.750Z
sensor.buro_rack_monitor_rack_temp_1,30.5625,2026-07-13T07:06:27.753Z
sensor.buro_rack_monitor_rack_temp_1,30.4375,2026-07-13T07:06:42.749Z
sensor.buro_rack_monitor_rack_temp_1,30.375,2026-07-13T07:06:57.751Z
sensor.buro_rack_monitor_rack_temp_1,30.3125,2026-07-13T07:07:27.749Z
sensor.buro_rack_monitor_rack_temp_1,30.25,2026-07-13T07:07:42.750Z
sensor.buro_rack_monitor_rack_temp_1,30.3125,2026-07-13T07:08:27.749Z
sensor.buro_rack_monitor_rack_temp_1,30.25,2026-07-13T07:08:42.750Z
sensor.buro_rack_monitor_rack_temp_1,30.3125,2026-07-13T07:09:57.750Z
sensor.buro_rack_monitor_rack_temp_1,30.375,2026-07-13T07:11:57.750Z
sensor.buro_rack_monitor_rack_temp_1,30.4375,2026-07-13T07:13:57.754Z
sensor.buro_rack_monitor_rack_temp_1,30.375,2026-07-13T07:14:12.751Z
sensor.buro_rack_monitor_rack_temp_1,30.4375,2026-07-13T07:14:27.752Z
sensor.buro_rack_monitor_rack_temp_1,30.5,2026-07-13T07:16:27.754Z
sensor.buro_rack_monitor_rack_temp_1,30.5625,2026-07-13T07:17:27.753Z
sensor.buro_rack_monitor_rack_temp_1,30.5,2026-07-13T07:17:42.753Z
sensor.buro_rack_monitor_rack_temp_1,30.5625,2026-07-13T07:18:12.752Z
sensor.buro_rack_monitor_rack_temp_1,30.5,2026-07-13T07:18:27.753Z
sensor.buro_rack_monitor_rack_temp_1,30.5625,2026-07-13T07:18:42.754Z
sensor.buro_rack_monitor_rack_temp_1,30.625,2026-07-13T07:19:27.752Z
sensor.buro_rack_monitor_rack_temp_1,30.6875,2026-07-13T07:21:12.755Z
sensor.buro_rack_monitor_rack_temp_1,30.625,2026-07-13T07:21:27.753Z
sensor.buro_rack_monitor_rack_temp_1,30.6875,2026-07-13T07:21:42.759Z
sensor.buro_rack_monitor_rack_temp_1,30.625,2026-07-13T07:22:12.753Z
sensor.buro_rack_monitor_rack_temp_1,30.6875,2026-07-13T07:22:27.754Z
sensor.buro_rack_monitor_rack_temp_1,30.75,2026-07-13T07:23:57.754Z
sensor.buro_rack_monitor_rack_temp_1,30.6875,2026-07-13T07:24:12.754Z
sensor.buro_rack_monitor_rack_temp_1,30.75,2026-07-13T07:24:42.754Z
sensor.buro_rack_monitor_rack_temp_1,30.8125,2026-07-13T07:25:57.754Z
sensor.buro_rack_monitor_rack_temp_1,30.75,2026-07-13T07:26:27.758Z
sensor.buro_rack_monitor_rack_temp_1,30.8125,2026-07-13T07:26:43.239Z
sensor.buro_rack_monitor_rack_temp_1,30.875,2026-07-13T07:28:27.756Z
sensor.buro_rack_monitor_rack_temp_1,30.8125,2026-07-13T07:28:42.759Z
sensor.buro_rack_monitor_rack_temp_1,30.875,2026-07-13T07:29:42.755Z
sensor.buro_rack_monitor_rack_temp_1,30.9375,2026-07-13T07:31:57.756Z
sensor.buro_rack_monitor_rack_temp_1,30.875,2026-07-13T07:32:12.758Z
sensor.buro_rack_monitor_rack_temp_1,30.9375,2026-07-13T07:32:27.756Z
sensor.buro_rack_monitor_rack_temp_1,30.875,2026-07-13T07:32:42.757Z
sensor.buro_rack_monitor_rack_temp_1,30.9375,2026-07-13T07:32:57.756Z
sensor.buro_rack_monitor_rack_temp_1,31.0,2026-07-13T07:35:57.761Z
sensor.buro_rack_monitor_rack_temp_1,31.0625,2026-07-13T07:37:12.757Z
sensor.buro_rack_monitor_rack_temp_1,31.125,2026-07-13T07:37:57.758Z
sensor.buro_rack_monitor_rack_temp_1,31.0625,2026-07-13T07:38:42.758Z
sensor.buro_rack_monitor_rack_temp_1,31.125,2026-07-13T07:38:57.758Z
sensor.buro_rack_monitor_rack_temp_1,31.0625,2026-07-13T07:39:12.758Z
sensor.buro_rack_monitor_rack_temp_1,31.125,2026-07-13T07:39:27.762Z
sensor.buro_rack_monitor_rack_temp_1,31.1875,2026-07-13T07:40:12.758Z
sensor.buro_rack_monitor_rack_temp_1,31.125,2026-07-13T07:40:27.758Z
sensor.buro_rack_monitor_rack_temp_1,31.1875,2026-07-13T07:41:57.759Z
sensor.buro_rack_monitor_rack_temp_1,31.125,2026-07-13T07:42:12.759Z
sensor.buro_rack_monitor_rack_temp_1,31.1875,2026-07-13T07:43:12.778Z
sensor.buro_rack_monitor_rack_temp_1,31.25,2026-07-13T07:46:42.873Z
sensor.buro_rack_monitor_rack_temp_1,31.1875,2026-07-13T07:47:12.767Z
sensor.buro_rack_monitor_rack_temp_1,31.25,2026-07-13T07:47:57.761Z
sensor.buro_rack_monitor_rack_temp_1,31.1875,2026-07-13T07:50:42.762Z
sensor.buro_rack_monitor_rack_temp_1,31.25,2026-07-13T07:50:57.765Z
sensor.buro_rack_monitor_rack_temp_1,31.3125,2026-07-13T07:55:42.765Z
sensor.buro_rack_monitor_rack_temp_1,31.25,2026-07-13T07:55:57.763Z
sensor.buro_rack_monitor_rack_temp_1,31.3125,2026-07-13T07:56:27.764Z
sensor.buro_rack_monitor_rack_temp_1,31.25,2026-07-13T07:56:57.763Z
sensor.buro_rack_monitor_rack_temp_1,31.3125,2026-07-13T07:57:27.844Z
sensor.buro_rack_monitor_rack_temp_1,31.25,2026-07-13T07:58:27.782Z
sensor.buro_rack_monitor_rack_temp_1,31.3125,2026-07-13T07:58:42.769Z
sensor.buro_rack_monitor_rack_temp_1,31.375,2026-07-13T08:07:12.767Z
sensor.buro_rack_monitor_rack_temp_1,31.3125,2026-07-13T08:07:27.933Z
sensor.buro_rack_monitor_rack_temp_1,31.375,2026-07-13T08:08:57.769Z
sensor.buro_rack_monitor_rack_temp_1,31.3125,2026-07-13T08:09:12.767Z
sensor.buro_rack_monitor_rack_temp_1,31.375,2026-07-13T08:09:57.767Z
sensor.buro_rack_monitor_rack_temp_1,31.3125,2026-07-13T08:10:27.781Z
sensor.buro_rack_monitor_rack_temp_1,31.375,2026-07-13T08:10:57.767Z
sensor.buro_rack_monitor_rack_temp_1,31.3125,2026-07-13T08:11:12.768Z
sensor.buro_rack_monitor_rack_temp_1,31.375,2026-07-13T08:11:27.768Z
sensor.buro_rack_monitor_rack_temp_1,31.3125,2026-07-13T08:12:12.770Z
sensor.buro_rack_monitor_rack_temp_1,31.375,2026-07-13T08:12:27.768Z
sensor.buro_rack_monitor_rack_temp_1,31.4375,2026-07-13T08:15:42.769Z
sensor.buro_rack_monitor_rack_temp_1,31.375,2026-07-13T08:15:57.769Z
sensor.buro_rack_monitor_rack_temp_1,31.4375,2026-07-13T08:16:27.774Z
sensor.buro_rack_monitor_rack_temp_1,31.375,2026-07-13T08:17:57.770Z
sensor.buro_rack_monitor_rack_temp_1,31.4375,2026-07-13T08:20:27.773Z
sensor.buro_rack_monitor_rack_temp_1,31.375,2026-07-13T08:20:42.797Z
sensor.buro_rack_monitor_rack_temp_1,31.4375,2026-07-13T08:20:57.777Z
sensor.buro_rack_monitor_rack_temp_1,31.375,2026-07-13T08:21:57.771Z
sensor.buro_rack_monitor_rack_temp_1,31.4375,2026-07-13T08:22:12.776Z
sensor.buro_rack_monitor_rack_temp_1,31.5,2026-07-13T08:23:27.771Z
sensor.buro_rack_monitor_rack_temp_1,31.4375,2026-07-13T08:23:42.772Z
sensor.buro_rack_monitor_rack_temp_1,31.5,2026-07-13T08:24:42.772Z
sensor.buro_rack_monitor_rack_temp_1,31.25,2026-07-13T08:25:42.866Z
sensor.buro_rack_monitor_rack_temp_1,31.0625,2026-07-13T08:25:57.777Z
sensor.buro_rack_monitor_rack_temp_1,30.875,2026-07-13T08:26:12.795Z
sensor.buro_rack_monitor_rack_temp_1,30.75,2026-07-13T08:26:27.777Z
sensor.buro_rack_monitor_rack_temp_1,30.625,2026-07-13T08:26:42.905Z
sensor.buro_rack_monitor_rack_temp_1,30.5,2026-07-13T08:26:57.777Z
sensor.buro_rack_monitor_rack_temp_1,30.375,2026-07-13T08:27:12.860Z
sensor.buro_rack_monitor_rack_temp_1,30.3125,2026-07-13T08:27:27.778Z
sensor.buro_rack_monitor_rack_temp_1,30.1875,2026-07-13T08:27:42.808Z
sensor.buro_rack_monitor_rack_temp_1,30.125,2026-07-13T08:27:57.778Z
sensor.buro_rack_monitor_rack_temp_1,30.0,2026-07-13T08:28:12.794Z
sensor.buro_rack_monitor_rack_temp_1,29.9375,2026-07-13T08:28:42.798Z
sensor.buro_rack_monitor_rack_temp_1,29.875,2026-07-13T08:28:57.776Z
sensor.buro_rack_monitor_rack_temp_1,29.8125,2026-07-13T08:29:12.805Z
sensor.buro_rack_monitor_rack_temp_1,29.75,2026-07-13T08:29:27.774Z
sensor.buro_rack_monitor_rack_temp_1,29.6875,2026-07-13T08:29:57.777Z
sensor.buro_rack_monitor_rack_temp_1,29.625,2026-07-13T08:30:12.780Z
sensor.buro_rack_monitor_rack_temp_1,29.5625,2026-07-13T08:30:42.786Z
sensor.buro_rack_monitor_rack_temp_1,29.5,2026-07-13T08:31:12.817Z
sensor.buro_rack_monitor_rack_temp_1,29.4375,2026-07-13T08:31:57.774Z
sensor.buro_rack_monitor_rack_temp_1,29.375,2026-07-13T08:32:27.774Z
sensor.buro_rack_monitor_rack_temp_1,29.3125,2026-07-13T08:32:42.775Z
sensor.buro_rack_monitor_rack_temp_1,29.25,2026-07-13T08:33:57.776Z
sensor.buro_rack_monitor_rack_temp_1,29.1875,2026-07-13T08:34:12.892Z
sensor.buro_rack_monitor_rack_temp_1,29.125,2026-07-13T08:34:27.777Z
sensor.buro_rack_monitor_rack_temp_1,29.0625,2026-07-13T08:34:57.777Z
sensor.buro_rack_monitor_rack_temp_1,29.0,2026-07-13T08:35:13.166Z
sensor.buro_rack_monitor_rack_temp_1,29.0625,2026-07-13T08:35:27.781Z
sensor.buro_rack_monitor_rack_temp_1,29.0,2026-07-13T08:35:42.808Z
sensor.buro_rack_monitor_rack_temp_1,28.9375,2026-07-13T08:35:57.785Z
sensor.buro_rack_monitor_rack_temp_1,28.875,2026-07-13T08:36:42.904Z
sensor.buro_rack_monitor_rack_temp_1,28.8125,2026-07-13T08:37:27.776Z
sensor.buro_rack_monitor_rack_temp_1,28.75,2026-07-13T08:38:57.777Z
sensor.buro_rack_monitor_rack_temp_1,28.6875,2026-07-13T08:39:57.777Z
sensor.buro_rack_monitor_rack_temp_1,28.625,2026-07-13T08:40:42.990Z
sensor.buro_rack_monitor_rack_temp_1,28.5625,2026-07-13T08:42:13.300Z
sensor.buro_rack_monitor_rack_temp_1,28.625,2026-07-13T08:42:43.024Z
sensor.buro_rack_monitor_rack_temp_1,28.5625,2026-07-13T08:42:57.779Z
sensor.buro_rack_monitor_rack_temp_1,28.5,2026-07-13T08:44:13.210Z
sensor.buro_rack_monitor_rack_temp_1,28.4375,2026-07-13T08:45:12.940Z
sensor.buro_rack_monitor_rack_temp_1,28.5,2026-07-13T08:45:27.780Z
sensor.buro_rack_monitor_rack_temp_1,28.4375,2026-07-13T08:45:57.935Z
sensor.buro_rack_monitor_rack_temp_1,28.375,2026-07-13T08:47:58.604Z
sensor.buro_rack_monitor_rack_temp_1,28.4375,2026-07-13T08:48:12.783Z
sensor.buro_rack_monitor_rack_temp_1,28.375,2026-07-13T08:48:27.926Z
sensor.buro_rack_monitor_rack_temp_1,28.3125,2026-07-13T08:49:12.784Z
sensor.buro_rack_monitor_rack_temp_1,28.25,2026-07-13T08:54:42.786Z
sensor.buro_rack_monitor_rack_temp_1,28.1875,2026-07-13T08:58:42.785Z
sensor.buro_rack_monitor_rack_temp_1,28.25,2026-07-13T08:59:12.784Z
sensor.buro_rack_monitor_rack_temp_1,28.1875,2026-07-13T08:59:28.053Z
sensor.buro_rack_monitor_rack_temp_1,28.25,2026-07-13T08:59:42.981Z
sensor.buro_rack_monitor_rack_temp_1,28.1875,2026-07-13T08:59:58.044Z
sensor.buro_rack_monitor_rack_temp_1,28.25,2026-07-13T09:00:27.959Z
sensor.buro_rack_monitor_rack_temp_1,28.1875,2026-07-13T09:00:42.784Z
sensor.buro_rack_monitor_rack_temp_1,28.125,2026-07-13T09:02:58.349Z
sensor.buro_rack_monitor_rack_temp_1,28.1875,2026-07-13T09:03:12.785Z
sensor.buro_rack_monitor_rack_temp_1,28.125,2026-07-13T09:03:58.056Z
sensor.buro_rack_monitor_rack_temp_1,28.1875,2026-07-13T09:04:12.786Z
sensor.buro_rack_monitor_rack_temp_1,28.125,2026-07-13T09:04:28.237Z
sensor.buro_rack_monitor_rack_temp_1,28.1875,2026-07-13T09:04:58.004Z
sensor.buro_rack_monitor_rack_temp_1,28.125,2026-07-13T09:05:12.787Z
sensor.buro_rack_monitor_rack_temp_1,28.1875,2026-07-13T09:09:57.810Z
sensor.buro_rack_monitor_rack_temp_1,28.125,2026-07-13T09:10:12.787Z
sensor.buro_rack_monitor_rack_temp_1,28.0625,2026-07-13T09:14:27.792Z
sensor.buro_rack_monitor_rack_temp_1,28.125,2026-07-13T09:14:57.790Z
sensor.buro_rack_monitor_rack_temp_1,28.0625,2026-07-13T09:19:12.790Z
sensor.buro_rack_monitor_rack_temp_1,28.125,2026-07-13T09:19:27.790Z
sensor.buro_rack_monitor_rack_temp_1,28.0625,2026-07-13T09:22:57.791Z
sensor.buro_rack_monitor_rack_temp_1,28.125,2026-07-13T09:23:12.793Z
sensor.buro_rack_monitor_rack_temp_1,28.1875,2026-07-13T09:25:42.941Z
sensor.buro_rack_monitor_rack_temp_1,28.125,2026-07-13T09:26:12.819Z
sensor.buro_rack_monitor_rack_temp_1,28.25,2026-07-13T09:26:27.792Z
sensor.buro_rack_monitor_rack_temp_1,28.4375,2026-07-13T09:26:42.808Z
sensor.buro_rack_monitor_rack_temp_1,28.5,2026-07-13T09:26:57.793Z
sensor.buro_rack_monitor_rack_temp_1,28.625,2026-07-13T09:27:13.024Z
sensor.buro_rack_monitor_rack_temp_1,28.6875,2026-07-13T09:27:27.794Z
sensor.buro_rack_monitor_rack_temp_1,28.8125,2026-07-13T09:27:43.077Z
sensor.buro_rack_monitor_rack_temp_1,28.875,2026-07-13T09:27:57.792Z
sensor.buro_rack_monitor_rack_temp_1,28.9375,2026-07-13T09:28:12.893Z
sensor.buro_rack_monitor_rack_temp_1,29.0,2026-07-13T09:28:27.794Z
sensor.buro_rack_monitor_rack_temp_1,29.0625,2026-07-13T09:28:42.803Z
sensor.buro_rack_monitor_rack_temp_1,29.125,2026-07-13T09:28:57.809Z
sensor.buro_rack_monitor_rack_temp_1,29.1875,2026-07-13T09:29:12.883Z
sensor.buro_rack_monitor_rack_temp_1,29.25,2026-07-13T09:29:27.793Z
sensor.buro_rack_monitor_rack_temp_1,29.3125,2026-07-13T09:29:57.793Z
sensor.buro_rack_monitor_rack_temp_1,29.375,2026-07-13T09:30:12.933Z
sensor.buro_rack_monitor_rack_temp_1,29.4375,2026-07-13T09:30:27.796Z
sensor.buro_rack_monitor_rack_temp_1,29.5,2026-07-13T09:30:42.806Z
sensor.buro_rack_monitor_rack_temp_1,29.5625,2026-07-13T09:30:57.797Z
sensor.buro_rack_monitor_rack_temp_1,29.625,2026-07-13T09:31:27.795Z
sensor.buro_rack_monitor_rack_temp_1,29.6875,2026-07-13T09:31:57.794Z
sensor.buro_rack_monitor_rack_temp_1,29.8125,2026-07-13T09:32:42.842Z
sensor.buro_rack_monitor_rack_temp_1,29.875,2026-07-13T09:33:27.800Z
sensor.buro_rack_monitor_rack_temp_1,29.9375,2026-07-13T09:33:57.795Z
sensor.buro_rack_monitor_rack_temp_1,30.0,2026-07-13T09:34:42.810Z
sensor.buro_rack_monitor_rack_temp_1,30.0625,2026-07-13T09:34:57.797Z
sensor.buro_rack_monitor_rack_temp_1,30.125,2026-07-13T09:35:42.807Z
sensor.buro_rack_monitor_rack_temp_1,30.1875,2026-07-13T09:36:27.795Z
sensor.buro_rack_monitor_rack_temp_1,30.25,2026-07-13T09:36:57.796Z
sensor.buro_rack_monitor_rack_temp_1,30.3125,2026-07-13T09:37:42.975Z
sensor.buro_rack_monitor_rack_temp_1,30.375,2026-07-13T09:38:12.915Z
sensor.buro_rack_monitor_rack_temp_1,30.4375,2026-07-13T09:38:27.796Z
sensor.buro_rack_monitor_rack_temp_1,30.5,2026-07-13T09:38:57.796Z
sensor.buro_rack_monitor_rack_temp_1,30.5625,2026-07-13T09:39:42.813Z
sensor.buro_rack_monitor_rack_temp_1,30.625,2026-07-13T09:40:12.807Z
sensor.buro_rack_monitor_rack_temp_1,30.6875,2026-07-13T09:41:42.861Z
sensor.buro_rack_monitor_rack_temp_1,30.75,2026-07-13T09:42:57.802Z
sensor.buro_rack_monitor_rack_temp_1,30.8125,2026-07-13T09:43:42.804Z
sensor.buro_rack_monitor_rack_temp_1,30.875,2026-07-13T09:44:27.802Z
sensor.buro_rack_monitor_rack_temp_1,30.9375,2026-07-13T09:45:42.899Z
sensor.buro_rack_monitor_rack_temp_1,31.0,2026-07-13T09:45:57.803Z
sensor.buro_rack_monitor_rack_temp_1,30.9375,2026-07-13T09:46:12.842Z
sensor.buro_rack_monitor_rack_temp_1,31.0,2026-07-13T09:46:27.804Z
sensor.buro_rack_monitor_rack_temp_1,31.0625,2026-07-13T09:47:27.805Z
sensor.buro_rack_monitor_rack_temp_1,31.125,2026-07-13T09:48:12.803Z
sensor.buro_rack_monitor_rack_temp_1,31.0625,2026-07-13T09:48:27.803Z
sensor.buro_rack_monitor_rack_temp_1,31.125,2026-07-13T09:49:12.803Z
sensor.buro_rack_monitor_rack_temp_1,31.1875,2026-07-13T09:49:57.807Z
sensor.buro_rack_monitor_rack_temp_1,31.25,2026-07-13T09:51:12.804Z
sensor.buro_rack_monitor_rack_temp_1,31.3125,2026-07-13T09:51:57.804Z
sensor.buro_rack_monitor_rack_temp_1,31.375,2026-07-13T09:53:12.804Z
sensor.buro_rack_monitor_rack_temp_1,31.3125,2026-07-13T09:53:27.804Z
sensor.buro_rack_monitor_rack_temp_1,31.375,2026-07-13T09:54:42.810Z
sensor.buro_rack_monitor_rack_temp_1,31.4375,2026-07-13T09:55:57.806Z
sensor.buro_rack_monitor_rack_temp_1,31.5,2026-07-13T09:57:12.877Z
sensor.buro_rack_monitor_rack_temp_1,31.4375,2026-07-13T09:57:27.805Z
sensor.buro_rack_monitor_rack_temp_1,31.5,2026-07-13T09:57:42.823Z
sensor.buro_rack_monitor_rack_temp_1,31.5625,2026-07-13T09:58:57.806Z
sensor.buro_rack_monitor_rack_temp_1,31.625,2026-07-13T10:00:57.811Z
sensor.buro_rack_monitor_rack_temp_1,31.5625,2026-07-13T10:01:12.806Z
sensor.buro_rack_monitor_rack_temp_1,31.625,2026-07-13T10:01:27.808Z
sensor.buro_rack_monitor_rack_temp_1,31.5625,2026-07-13T10:02:12.808Z
sensor.buro_rack_monitor_rack_temp_1,31.625,2026-07-13T10:02:27.833Z
sensor.buro_rack_monitor_rack_temp_1,31.6875,2026-07-13T10:03:57.809Z
sensor.buro_rack_monitor_rack_temp_1,31.625,2026-07-13T10:04:27.813Z
sensor.buro_rack_monitor_rack_temp_1,31.6875,2026-07-13T10:04:42.895Z
sensor.buro_rack_monitor_rack_temp_1,31.75,2026-07-13T10:06:42.834Z
sensor.buro_rack_monitor_rack_temp_1,31.6875,2026-07-13T10:07:12.877Z
sensor.buro_rack_monitor_rack_temp_1,31.75,2026-07-13T10:07:27.808Z
sensor.buro_rack_monitor_rack_temp_1,31.6875,2026-07-13T10:07:57.808Z
sensor.buro_rack_monitor_rack_temp_1,31.75,2026-07-13T10:08:12.829Z
sensor.buro_rack_monitor_rack_temp_1,31.6875,2026-07-13T10:08:27.808Z
sensor.buro_rack_monitor_rack_temp_1,31.75,2026-07-13T10:08:42.807Z
sensor.buro_rack_monitor_rack_temp_1,31.375,2026-07-13T10:10:42.838Z
sensor.buro_rack_monitor_rack_temp_1,31.0625,2026-07-13T10:10:57.810Z
sensor.buro_rack_monitor_rack_temp_1,30.8125,2026-07-13T10:11:12.818Z
sensor.buro_rack_monitor_rack_temp_1,30.625,2026-07-13T10:11:27.810Z
sensor.buro_rack_monitor_rack_temp_1,30.4375,2026-07-13T10:11:42.822Z
sensor.buro_rack_monitor_rack_temp_1,30.25,2026-07-13T10:11:57.809Z
sensor.buro_rack_monitor_rack_temp_1,30.125,2026-07-13T10:12:12.827Z
sensor.buro_rack_monitor_rack_temp_1,30.0,2026-07-13T10:12:27.808Z
sensor.buro_rack_monitor_rack_temp_1,29.875,2026-07-13T10:12:42.837Z
sensor.buro_rack_monitor_rack_temp_1,29.8125,2026-07-13T10:12:57.805Z
sensor.buro_rack_monitor_rack_temp_1,29.75,2026-07-13T10:13:12.831Z
sensor.buro_rack_monitor_rack_temp_1,29.6875,2026-07-13T10:13:27.806Z
sensor.buro_rack_monitor_rack_temp_1,29.625,2026-07-13T10:13:42.831Z
sensor.buro_rack_monitor_rack_temp_1,29.5625,2026-07-13T10:13:57.807Z
sensor.buro_rack_monitor_rack_temp_1,29.5,2026-07-13T10:14:12.829Z
sensor.buro_rack_monitor_rack_temp_1,29.4375,2026-07-13T10:14:27.808Z
sensor.buro_rack_monitor_rack_temp_1,29.375,2026-07-13T10:14:42.836Z
sensor.buro_rack_monitor_rack_temp_1,29.3125,2026-07-13T10:14:57.806Z
sensor.buro_rack_monitor_rack_temp_1,29.25,2026-07-13T10:15:27.807Z
sensor.buro_rack_monitor_rack_temp_1,29.1875,2026-07-13T10:15:42.824Z
sensor.buro_rack_monitor_rack_temp_1,29.125,2026-07-13T10:16:12.823Z
sensor.buro_rack_monitor_rack_temp_1,29.0625,2026-07-13T10:16:42.850Z
sensor.buro_rack_monitor_rack_temp_1,29.0,2026-07-13T10:16:57.809Z
sensor.buro_rack_monitor_rack_temp_1,28.9375,2026-07-13T10:17:27.821Z
sensor.buro_rack_monitor_rack_temp_1,28.875,2026-07-13T10:17:42.815Z
sensor.buro_rack_monitor_rack_temp_1,28.8125,2026-07-13T10:18:27.810Z
sensor.buro_rack_monitor_rack_temp_1,28.75,2026-07-13T10:18:42.808Z
sensor.buro_rack_monitor_rack_temp_1,28.6875,2026-07-13T10:19:27.849Z
sensor.buro_rack_monitor_rack_temp_1,28.625,2026-07-13T10:19:42.810Z
sensor.buro_rack_monitor_rack_temp_1,28.5625,2026-07-13T10:20:27.810Z
sensor.buro_rack_monitor_rack_temp_1,28.5,2026-07-13T10:20:57.809Z
sensor.buro_rack_monitor_rack_temp_1,28.4375,2026-07-13T10:21:42.809Z
sensor.buro_rack_monitor_rack_temp_1,28.375,2026-07-13T10:22:27.811Z
sensor.buro_rack_monitor_rack_temp_1,28.3125,2026-07-13T10:23:27.810Z
sensor.buro_rack_monitor_rack_temp_1,28.25,2026-07-13T10:23:57.811Z
sensor.buro_rack_monitor_rack_temp_1,28.1875,2026-07-13T10:24:42.810Z
sensor.buro_rack_monitor_rack_temp_1,28.125,2026-07-13T10:25:27.812Z
sensor.buro_rack_monitor_rack_temp_1,28.0625,2026-07-13T10:25:57.811Z
sensor.buro_rack_monitor_rack_temp_1,28.0,2026-07-13T10:26:57.811Z
sensor.buro_rack_monitor_rack_temp_1,27.9375,2026-07-13T10:27:57.811Z
sensor.buro_rack_monitor_rack_temp_1,27.875,2026-07-13T10:28:57.812Z
sensor.buro_rack_monitor_rack_temp_1,27.8125,2026-07-13T10:31:12.813Z
sensor.buro_rack_monitor_rack_temp_1,27.75,2026-07-13T10:33:12.813Z
sensor.buro_rack_monitor_rack_temp_1,27.8125,2026-07-13T10:33:27.865Z
sensor.buro_rack_monitor_rack_temp_1,27.75,2026-07-13T10:33:42.818Z
sensor.buro_rack_monitor_rack_temp_1,27.8125,2026-07-13T10:34:12.815Z
sensor.buro_rack_monitor_rack_temp_1,27.75,2026-07-13T10:34:27.825Z
sensor.buro_rack_monitor_rack_temp_1,27.6875,2026-07-13T10:37:27.815Z
sensor.buro_rack_monitor_rack_temp_1,27.75,2026-07-13T10:38:28.012Z
sensor.buro_rack_monitor_rack_temp_1,27.6875,2026-07-13T10:41:57.842Z
sensor.buro_rack_monitor_rack_temp_1,27.75,2026-07-13T10:42:12.823Z
sensor.buro_rack_monitor_rack_temp_1,27.6875,2026-07-13T10:44:12.894Z
sensor.buro_rack_monitor_rack_temp_1,27.75,2026-07-13T10:44:42.888Z
sensor.buro_rack_monitor_rack_temp_1,27.6875,2026-07-13T10:44:57.817Z
sensor.buro_rack_monitor_rack_temp_1,27.625,2026-07-13T10:49:57.825Z
sensor.buro_rack_monitor_rack_temp_1,27.6875,2026-07-13T10:50:12.819Z
sensor.buro_rack_monitor_rack_temp_1,27.625,2026-07-13T10:54:57.890Z
sensor.buro_rack_monitor_rack_temp_1,27.6875,2026-07-13T10:55:12.821Z
sensor.buro_rack_monitor_rack_temp_1,27.75,2026-07-13T11:02:12.827Z
sensor.buro_rack_monitor_rack_temp_1,27.6875,2026-07-13T11:02:27.994Z
sensor.buro_rack_monitor_rack_temp_1,27.75,2026-07-13T11:02:42.823Z
sensor.buro_rack_monitor_rack_temp_1,27.6875,2026-07-13T11:02:57.824Z
sensor.buro_rack_monitor_rack_temp_1,27.75,2026-07-13T11:03:12.823Z
sensor.buro_rack_monitor_rack_temp_1,27.6875,2026-07-13T11:03:42.823Z
sensor.buro_rack_monitor_rack_temp_1,27.75,2026-07-13T11:03:57.892Z
sensor.buro_rack_monitor_rack_temp_1,27.6875,2026-07-13T11:04:27.899Z
sensor.buro_rack_monitor_rack_temp_1,27.75,2026-07-13T11:04:57.940Z
sensor.buro_rack_monitor_rack_temp_1,27.6875,2026-07-13T11:07:27.944Z
sensor.buro_rack_monitor_rack_temp_1,27.75,2026-07-13T11:07:42.824Z
sensor.buro_rack_monitor_rack_temp_1,27.875,2026-07-13T11:11:27.826Z
sensor.buro_rack_monitor_rack_temp_1,28.0,2026-07-13T11:11:42.828Z
sensor.buro_rack_monitor_rack_temp_1,28.1875,2026-07-13T11:11:57.851Z
sensor.buro_rack_monitor_rack_temp_1,28.3125,2026-07-13T11:12:12.827Z
sensor.buro_rack_monitor_rack_temp_1,28.375,2026-07-13T11:12:27.840Z
sensor.buro_rack_monitor_rack_temp_1,28.5,2026-07-13T11:12:42.826Z
sensor.buro_rack_monitor_rack_temp_1,28.5625,2026-07-13T11:12:57.980Z
sensor.buro_rack_monitor_rack_temp_1,28.625,2026-07-13T11:13:12.826Z
sensor.buro_rack_monitor_rack_temp_1,28.6875,2026-07-13T11:13:27.826Z
sensor.buro_rack_monitor_rack_temp_1,28.75,2026-07-13T11:13:42.826Z
sensor.buro_rack_monitor_rack_temp_1,28.8125,2026-07-13T11:13:57.829Z
sensor.buro_rack_monitor_rack_temp_1,28.875,2026-07-13T11:14:12.827Z
sensor.buro_rack_monitor_rack_temp_1,28.9375,2026-07-13T11:14:27.848Z
sensor.buro_rack_monitor_rack_temp_1,29.0,2026-07-13T11:14:42.829Z
sensor.buro_rack_monitor_rack_temp_1,29.0625,2026-07-13T11:14:57.827Z
sensor.buro_rack_monitor_rack_temp_1,29.125,2026-07-13T11:15:12.827Z
sensor.buro_rack_monitor_rack_temp_1,29.1875,2026-07-13T11:15:27.827Z
sensor.buro_rack_monitor_rack_temp_1,29.25,2026-07-13T11:15:58.064Z
sensor.buro_rack_monitor_rack_temp_1,29.3125,2026-07-13T11:16:12.913Z
sensor.buro_rack_monitor_rack_temp_1,29.375,2026-07-13T11:16:27.827Z
sensor.buro_rack_monitor_rack_temp_1,29.4375,2026-07-13T11:16:42.859Z
sensor.buro_rack_monitor_rack_temp_1,29.5,2026-07-13T11:17:12.827Z
sensor.buro_rack_monitor_rack_temp_1,29.5625,2026-07-13T11:17:57.827Z
sensor.buro_rack_monitor_rack_temp_1,29.625,2026-07-13T11:18:12.828Z
sensor.buro_rack_monitor_rack_temp_1,29.6875,2026-07-13T11:18:27.828Z
sensor.buro_rack_monitor_rack_temp_1,29.75,2026-07-13T11:18:57.829Z
sensor.buro_rack_monitor_rack_temp_1,29.8125,2026-07-13T11:19:27.833Z
sensor.buro_rack_monitor_rack_temp_1,29.875,2026-07-13T11:19:58.007Z
sensor.buro_rack_monitor_rack_temp_1,29.9375,2026-07-13T11:20:12.828Z
sensor.buro_rack_monitor_rack_temp_1,30.0,2026-07-13T11:20:58.104Z
sensor.buro_rack_monitor_rack_temp_1,30.0625,2026-07-13T11:21:27.828Z
sensor.buro_rack_monitor_rack_temp_1,30.125,2026-07-13T11:22:12.828Z
sensor.buro_rack_monitor_rack_temp_1,30.1875,2026-07-13T11:22:27.830Z
sensor.buro_rack_monitor_rack_temp_1,30.125,2026-07-13T11:22:42.830Z
sensor.buro_rack_monitor_rack_temp_1,30.1875,2026-07-13T11:22:57.829Z
sensor.buro_rack_monitor_rack_temp_1,30.25,2026-07-13T11:23:12.828Z
sensor.buro_rack_monitor_rack_temp_1,30.3125,2026-07-13T11:23:57.829Z
sensor.buro_rack_monitor_rack_temp_1,30.375,2026-07-13T11:24:12.830Z
sensor.buro_rack_monitor_rack_temp_1,30.4375,2026-07-13T11:24:42.829Z
sensor.buro_rack_monitor_rack_temp_1,30.5,2026-07-13T11:25:42.962Z
sensor.buro_rack_monitor_rack_temp_1,30.5625,2026-07-13T11:26:43.040Z
sensor.buro_rack_monitor_rack_temp_1,30.625,2026-07-13T11:27:42.884Z
sensor.buro_rack_monitor_rack_temp_1,30.6875,2026-07-13T11:29:12.876Z
sensor.buro_rack_monitor_rack_temp_1,30.75,2026-07-13T11:29:27.830Z
sensor.buro_rack_monitor_rack_temp_1,30.8125,2026-07-13T11:31:12.831Z
sensor.buro_rack_monitor_rack_temp_1,30.875,2026-07-13T11:31:57.830Z
sensor.buro_rack_monitor_rack_temp_1,30.9375,2026-07-13T11:33:12.831Z
sensor.buro_rack_monitor_rack_temp_1,31.0,2026-07-13T11:34:12.834Z
sensor.buro_rack_monitor_rack_temp_1,30.9375,2026-07-13T11:34:42.833Z
sensor.buro_rack_monitor_rack_temp_1,31.0,2026-07-13T11:34:57.832Z
sensor.buro_rack_monitor_rack_temp_1,31.0625,2026-07-13T11:35:27.831Z
sensor.buro_rack_monitor_rack_temp_1,31.125,2026-07-13T11:35:57.881Z
sensor.buro_rack_monitor_rack_temp_1,31.0625,2026-07-13T11:36:12.832Z
sensor.buro_rack_monitor_rack_temp_1,31.125,2026-07-13T11:36:42.832Z
sensor.buro_rack_monitor_rack_temp_1,31.1875,2026-07-13T11:37:27.832Z
sensor.buro_rack_monitor_rack_temp_1,31.125,2026-07-13T11:37:42.833Z
sensor.buro_rack_monitor_rack_temp_1,31.1875,2026-07-13T11:38:12.832Z
sensor.buro_rack_monitor_rack_temp_1,31.25,2026-07-13T11:38:57.832Z
sensor.buro_rack_monitor_rack_temp_1,31.3125,2026-07-13T11:39:42.832Z
sensor.buro_rack_monitor_rack_temp_1,31.375,2026-07-13T11:40:57.833Z
sensor.buro_rack_monitor_rack_temp_1,31.3125,2026-07-13T11:41:12.834Z
sensor.buro_rack_monitor_rack_temp_1,31.375,2026-07-13T11:41:27.836Z
sensor.buro_rack_monitor_rack_temp_1,31.4375,2026-07-13T11:43:12.960Z
sensor.buro_rack_monitor_rack_temp_1,31.5,2026-07-13T11:45:42.849Z
sensor.buro_rack_monitor_rack_temp_1,31.4375,2026-07-13T11:46:27.834Z
sensor.buro_rack_monitor_rack_temp_1,31.5,2026-07-13T11:46:42.840Z
sensor.buro_rack_monitor_rack_temp_1,31.4375,2026-07-13T11:47:12.836Z
sensor.buro_rack_monitor_rack_temp_1,31.5,2026-07-13T11:47:27.835Z
sensor.buro_rack_monitor_rack_temp_1,31.5625,2026-07-13T11:48:27.836Z
sensor.buro_rack_monitor_rack_temp_1,31.625,2026-07-13T11:50:43.009Z
sensor.buro_rack_monitor_rack_temp_1,31.6875,2026-07-13T11:52:13.145Z
sensor.buro_rack_monitor_rack_temp_1,31.75,2026-07-13T11:55:27.837Z
sensor.buro_rack_monitor_rack_temp_1,31.6875,2026-07-13T11:55:42.838Z
sensor.buro_rack_monitor_rack_temp_1,31.75,2026-07-13T11:57:27.928Z
sensor.buro_rack_monitor_rack_temp_1,31.8125,2026-07-13T11:58:57.839Z
sensor.buro_rack_monitor_rack_temp_1,31.75,2026-07-13T11:59:12.838Z
sensor.buro_rack_monitor_rack_temp_1,31.8125,2026-07-13T11:59:27.864Z
sensor.buro_rack_monitor_rack_temp_1,31.875,2026-07-13T12:02:57.840Z
sensor.buro_rack_monitor_rack_temp_1,31.9375,2026-07-13T12:04:58.025Z
sensor.buro_rack_monitor_rack_temp_1,31.875,2026-07-13T12:05:12.841Z
sensor.buro_rack_monitor_rack_temp_1,31.9375,2026-07-13T12:06:12.841Z
sensor.buro_rack_monitor_rack_temp_1,32.0,2026-07-13T12:07:42.843Z
sensor.buro_rack_monitor_rack_temp_1,31.9375,2026-07-13T12:07:57.841Z
sensor.buro_rack_monitor_rack_temp_1,32.0,2026-07-13T12:12:42.843Z
sensor.buro_rack_monitor_rack_temp_1,32.0625,2026-07-13T12:16:27.844Z
sensor.buro_rack_monitor_rack_temp_1,32.0,2026-07-13T12:18:57.848Z
sensor.buro_rack_monitor_rack_temp_1,32.0625,2026-07-13T12:19:27.846Z
sensor.buro_rack_monitor_rack_temp_1,32.125,2026-07-13T12:22:57.846Z
sensor.buro_rack_monitor_rack_temp_1,32.0625,2026-07-13T12:23:13.420Z
sensor.buro_rack_monitor_rack_temp_1,32.125,2026-07-13T12:24:27.848Z
sensor.buro_rack_monitor_rack_temp_1,32.0625,2026-07-13T12:24:57.848Z
sensor.buro_rack_monitor_rack_temp_1,32.125,2026-07-13T12:25:12.928Z
sensor.buro_rack_monitor_rack_temp_1,32.0625,2026-07-13T12:27:27.848Z
sensor.buro_rack_monitor_rack_temp_1,32.125,2026-07-13T12:27:42.848Z
sensor.buro_rack_monitor_rack_temp_1,32.1875,2026-07-13T12:29:57.850Z
sensor.buro_rack_monitor_rack_temp_1,32.125,2026-07-13T12:30:12.850Z
sensor.buro_rack_monitor_rack_temp_1,32.0625,2026-07-13T12:32:12.850Z
sensor.buro_rack_monitor_rack_temp_1,32.125,2026-07-13T12:32:27.983Z
sensor.buro_rack_monitor_rack_temp_1,32.1875,2026-07-13T12:34:12.850Z
sensor.buro_rack_monitor_rack_temp_1,32.125,2026-07-13T12:36:57.852Z
sensor.buro_rack_monitor_rack_temp_1,32.1875,2026-07-13T12:37:12.851Z
sensor.buro_rack_monitor_rack_temp_1,32.125,2026-07-13T12:37:27.853Z
sensor.buro_rack_monitor_rack_temp_1,32.1875,2026-07-13T12:37:57.851Z
sensor.buro_rack_monitor_rack_temp_1,32.25,2026-07-13T12:39:12.854Z
sensor.buro_rack_monitor_rack_temp_1,32.3125,2026-07-13T12:41:42.870Z
sensor.buro_rack_monitor_rack_temp_1,32.25,2026-07-13T12:42:57.852Z
sensor.buro_rack_monitor_rack_temp_1,32.3125,2026-07-13T12:43:27.852Z
sensor.buro_rack_monitor_rack_temp_1,32.25,2026-07-13T12:44:12.972Z
sensor.buro_rack_monitor_rack_temp_1,32.3125,2026-07-13T12:44:42.921Z
sensor.buro_rack_monitor_rack_temp_1,32.25,2026-07-13T12:44:57.853Z
sensor.buro_rack_monitor_rack_temp_1,32.3125,2026-07-13T12:45:12.857Z
sensor.buro_rack_monitor_rack_temp_1,32.25,2026-07-13T12:45:42.932Z
sensor.buro_rack_monitor_rack_temp_1,32.3125,2026-07-13T12:45:57.859Z
sensor.buro_rack_monitor_rack_temp_1,32.25,2026-07-13T12:46:57.853Z
sensor.buro_rack_monitor_rack_temp_1,32.3125,2026-07-13T12:47:42.855Z
sensor.buro_rack_monitor_rack_temp_1,32.25,2026-07-13T12:47:57.870Z
sensor.buro_rack_monitor_rack_temp_1,32.3125,2026-07-13T12:48:42.855Z
sensor.buro_rack_monitor_rack_temp_1,32.375,2026-07-13T12:52:12.855Z
sensor.buro_rack_monitor_rack_temp_1,32.3125,2026-07-13T12:52:42.855Z
sensor.buro_rack_monitor_rack_temp_1,32.375,2026-07-13T12:53:12.855Z
sensor.buro_rack_monitor_rack_temp_1,32.3125,2026-07-13T12:53:42.765Z
sensor.buro_rack_monitor_rack_temp_1,32.0,2026-07-13T12:53:57.861Z
sensor.buro_rack_monitor_rack_temp_1,31.5625,2026-07-13T12:54:12.860Z
sensor.buro_rack_monitor_rack_temp_1,31.25,2026-07-13T12:54:28.162Z
sensor.buro_rack_monitor_rack_temp_1,30.9375,2026-07-13T12:54:42.861Z
sensor.buro_rack_monitor_rack_temp_1,30.6875,2026-07-13T12:54:57.889Z
sensor.buro_rack_monitor_rack_temp_1,30.5,2026-07-13T12:55:12.863Z
sensor.buro_rack_monitor_rack_temp_1,30.3125,2026-07-13T12:55:27.923Z
sensor.buro_rack_monitor_rack_temp_1,30.1875,2026-07-13T12:55:42.862Z
sensor.buro_rack_monitor_rack_temp_1,30.0625,2026-07-13T12:55:57.897Z
sensor.buro_rack_monitor_rack_temp_1,29.9375,2026-07-13T12:56:12.863Z
sensor.buro_rack_monitor_rack_temp_1,29.75,2026-07-13T12:56:27.864Z
sensor.buro_rack_monitor_rack_temp_1,29.6875,2026-07-13T12:56:42.863Z
sensor.buro_rack_monitor_rack_temp_1,29.625,2026-07-13T12:56:57.907Z
sensor.buro_rack_monitor_rack_temp_1,29.5,2026-07-13T12:57:12.867Z
sensor.buro_rack_monitor_rack_temp_1,29.375,2026-07-13T12:57:42.865Z
sensor.buro_rack_monitor_rack_temp_1,29.3125,2026-07-13T12:57:57.962Z
sensor.buro_rack_monitor_rack_temp_1,29.25,2026-07-13T12:58:12.862Z
sensor.buro_rack_monitor_rack_temp_1,29.1875,2026-07-13T12:58:28.057Z
sensor.buro_rack_monitor_rack_temp_1,29.125,2026-07-13T12:59:12.852Z
sensor.buro_rack_monitor_rack_temp_1,29.0625,2026-07-13T12:59:42.858Z
sensor.buro_rack_monitor_rack_temp_1,29.0,2026-07-13T12:59:57.860Z
sensor.buro_rack_monitor_rack_temp_1,28.9375,2026-07-13T13:00:12.858Z
sensor.buro_rack_monitor_rack_temp_1,28.8125,2026-07-13T13:00:27.858Z
sensor.buro_rack_monitor_rack_temp_1,28.75,2026-07-13T13:01:12.858Z
sensor.buro_rack_monitor_rack_temp_1,28.6875,2026-07-13T13:01:27.858Z
sensor.buro_rack_monitor_rack_temp_1,28.625,2026-07-13T13:01:42.858Z
sensor.buro_rack_monitor_rack_temp_1,28.5625,2026-07-13T13:02:27.858Z
sensor.buro_rack_monitor_rack_temp_1,28.5,2026-07-13T13:02:42.858Z
sensor.buro_rack_monitor_rack_temp_1,28.5625,2026-07-13T13:03:27.862Z
sensor.buro_rack_monitor_rack_temp_1,28.5,2026-07-13T13:03:42.864Z
sensor.buro_rack_monitor_rack_temp_1,28.4375,2026-07-13T13:03:57.868Z
sensor.buro_rack_monitor_rack_temp_1,28.375,2026-07-13T13:04:42.862Z
sensor.buro_rack_monitor_rack_temp_1,28.3125,2026-07-13T13:05:27.859Z
sensor.buro_rack_monitor_rack_temp_1,28.25,2026-07-13T13:06:27.860Z
sensor.buro_rack_monitor_rack_temp_1,28.1875,2026-07-13T13:06:57.860Z
sensor.buro_rack_monitor_rack_temp_1,28.125,2026-07-13T13:07:12.940Z
sensor.buro_rack_monitor_rack_temp_1,28.1875,2026-07-13T13:07:27.885Z
sensor.buro_rack_monitor_rack_temp_1,28.125,2026-07-13T13:09:12.860Z
sensor.buro_rack_monitor_rack_temp_1,28.1875,2026-07-13T13:09:27.861Z
sensor.buro_rack_monitor_rack_temp_1,28.125,2026-07-13T13:09:57.861Z
sensor.buro_rack_monitor_rack_temp_1,28.0625,2026-07-13T13:10:57.878Z
sensor.buro_rack_monitor_rack_temp_1,28.0,2026-07-13T13:11:42.863Z
sensor.buro_rack_monitor_rack_temp_1,27.9375,2026-07-13T13:13:12.862Z
sensor.buro_rack_monitor_rack_temp_1,27.875,2026-07-13T13:14:12.862Z
sensor.buro_rack_monitor_rack_temp_1,27.9375,2026-07-13T13:14:27.919Z
sensor.buro_rack_monitor_rack_temp_1,27.875,2026-07-13T13:14:42.862Z
sensor.buro_rack_monitor_rack_temp_1,27.8125,2026-07-13T13:17:12.863Z
sensor.buro_rack_monitor_rack_temp_1,27.875,2026-07-13T13:17:28.006Z
sensor.buro_rack_monitor_rack_temp_1,27.8125,2026-07-13T13:17:42.863Z
sensor.buro_rack_monitor_rack_temp_1,27.75,2026-07-13T13:18:57.977Z
sensor.buro_rack_monitor_rack_temp_1,27.8125,2026-07-13T13:19:57.865Z
sensor.buro_rack_monitor_rack_temp_1,27.75,2026-07-13T13:20:12.869Z
sensor.buro_rack_monitor_rack_temp_1,27.6875,2026-07-13T13:21:27.865Z
sensor.buro_rack_monitor_rack_temp_1,27.75,2026-07-13T13:23:12.866Z
sensor.buro_rack_monitor_rack_temp_1,27.6875,2026-07-13T13:23:27.865Z
sensor.buro_rack_monitor_rack_temp_1,27.625,2026-07-13T13:23:57.865Z
sensor.buro_rack_monitor_rack_temp_1,27.6875,2026-07-13T13:24:12.866Z
sensor.buro_rack_monitor_rack_temp_1,27.625,2026-07-13T13:24:27.872Z
sensor.buro_rack_monitor_rack_temp_1,27.6875,2026-07-13T13:26:12.873Z
sensor.buro_rack_monitor_rack_temp_1,27.625,2026-07-13T13:26:27.866Z
sensor.buro_rack_monitor_rack_temp_1,27.5625,2026-07-13T13:27:42.867Z
sensor.buro_rack_monitor_rack_temp_1,27.5,2026-07-13T13:29:42.867Z
sensor.buro_rack_monitor_rack_temp_1,27.5625,2026-07-13T13:30:27.869Z
sensor.buro_rack_monitor_rack_temp_1,27.5,2026-07-13T13:32:42.868Z
sensor.buro_rack_monitor_rack_temp_1,27.5625,2026-07-13T13:32:57.870Z
sensor.buro_rack_monitor_rack_temp_1,27.5,2026-07-13T13:33:12.870Z
sensor.buro_rack_monitor_rack_temp_1,27.4375,2026-07-13T13:38:57.871Z
sensor.buro_rack_monitor_rack_temp_1,27.5,2026-07-13T13:39:42.872Z
sensor.buro_rack_monitor_rack_temp_1,27.5625,2026-07-13T13:40:27.931Z
sensor.buro_rack_monitor_rack_temp_1,27.5,2026-07-13T13:40:42.876Z
sensor.buro_rack_monitor_rack_temp_1,27.5625,2026-07-13T13:40:57.950Z
sensor.buro_rack_monitor_rack_temp_1,27.5,2026-07-13T13:42:42.872Z
sensor.buro_rack_monitor_rack_temp_1,27.4375,2026-07-13T13:45:27.873Z
sensor.buro_rack_monitor_rack_temp_1,27.5,2026-07-13T13:45:42.885Z
sensor.buro_rack_monitor_rack_temp_1,27.4375,2026-07-13T13:45:57.874Z
sensor.buro_rack_monitor_rack_temp_1,27.5,2026-07-13T13:48:27.874Z
sensor.buro_rack_monitor_rack_temp_1,27.4375,2026-07-13T13:50:12.892Z
sensor.buro_rack_monitor_rack_temp_1,27.5,2026-07-13T13:51:12.910Z
sensor.buro_rack_monitor_rack_temp_1,27.4375,2026-07-13T13:51:27.876Z
sensor.buro_rack_monitor_rack_temp_1,27.5,2026-07-13T13:53:12.876Z
sensor.buro_rack_monitor_rack_temp_1,27.4375,2026-07-13T13:53:42.979Z
sensor.buro_rack_monitor_rack_temp_1,27.375,2026-07-13T13:54:27.880Z
sensor.buro_rack_monitor_rack_temp_1,27.4375,2026-07-13T13:54:42.877Z
sensor.buro_rack_monitor_rack_temp_1,27.375,2026-07-13T13:54:57.876Z
sensor.buro_rack_monitor_rack_temp_1,27.4375,2026-07-13T13:55:27.878Z
sensor.buro_rack_monitor_rack_temp_1,27.375,2026-07-13T13:55:42.882Z
sensor.buro_rack_monitor_rack_temp_1,27.4375,2026-07-13T13:55:57.877Z
sensor.buro_rack_monitor_rack_temp_1,27.375,2026-07-13T13:56:57.878Z
sensor.buro_rack_monitor_rack_temp_1,27.4375,2026-07-13T13:58:27.989Z
sensor.buro_rack_monitor_rack_temp_1,27.5,2026-07-13T13:58:42.879Z
sensor.buro_rack_monitor_rack_temp_1,27.625,2026-07-13T13:58:57.881Z
sensor.buro_rack_monitor_rack_temp_1,27.6875,2026-07-13T13:59:12.879Z
sensor.buro_rack_monitor_rack_temp_1,27.8125,2026-07-13T13:59:27.992Z
sensor.buro_rack_monitor_rack_temp_1,27.875,2026-07-13T13:59:42.879Z
sensor.buro_rack_monitor_rack_temp_1,28.0,2026-07-13T13:59:57.878Z
sensor.buro_rack_monitor_rack_temp_2,35.875,2026-07-13T05:30:00.000Z
sensor.buro_rack_monitor_rack_temp_2,35.8125,2026-07-13T05:30:09.907Z
sensor.buro_rack_monitor_rack_temp_2,35.875,2026-07-13T05:31:25.150Z
sensor.buro_rack_monitor_rack_temp_2,35.8125,2026-07-13T05:32:24.973Z
sensor.buro_rack_monitor_rack_temp_2,35.75,2026-07-13T05:32:54.982Z
sensor.buro_rack_monitor_rack_temp_2,35.6875,2026-07-13T05:33:09.905Z
sensor.buro_rack_monitor_rack_temp_2,35.625,2026-07-13T05:33:24.971Z
sensor.buro_rack_monitor_rack_temp_2,35.5625,2026-07-13T05:33:39.971Z
sensor.buro_rack_monitor_rack_temp_2,35.5,2026-07-13T05:33:54.971Z
sensor.buro_rack_monitor_rack_temp_2,35.4375,2026-07-13T05:34:09.907Z
sensor.buro_rack_monitor_rack_temp_2,35.3125,2026-07-13T05:34:24.971Z
sensor.buro_rack_monitor_rack_temp_2,35.25,2026-07-13T05:34:39.984Z
sensor.buro_rack_monitor_rack_temp_2,35.0625,2026-07-13T05:34:54.972Z
sensor.buro_rack_monitor_rack_temp_2,35.0,2026-07-13T05:35:09.959Z
sensor.buro_rack_monitor_rack_temp_2,34.9375,2026-07-13T05:35:24.972Z
sensor.buro_rack_monitor_rack_temp_2,34.875,2026-07-13T05:35:40.012Z
sensor.buro_rack_monitor_rack_temp_2,34.75,2026-07-13T05:35:54.971Z
sensor.buro_rack_monitor_rack_temp_2,34.6875,2026-07-13T05:36:09.915Z
sensor.buro_rack_monitor_rack_temp_2,34.5625,2026-07-13T05:36:24.983Z
sensor.buro_rack_monitor_rack_temp_2,34.5,2026-07-13T05:36:39.998Z
sensor.buro_rack_monitor_rack_temp_2,34.4375,2026-07-13T05:36:54.973Z
sensor.buro_rack_monitor_rack_temp_2,34.375,2026-07-13T05:37:09.931Z
sensor.buro_rack_monitor_rack_temp_2,34.25,2026-07-13T05:37:24.973Z
sensor.buro_rack_monitor_rack_temp_2,34.1875,2026-07-13T05:37:39.988Z
sensor.buro_rack_monitor_rack_temp_2,34.125,2026-07-13T05:37:54.972Z
sensor.buro_rack_monitor_rack_temp_2,34.0625,2026-07-13T05:38:09.915Z
sensor.buro_rack_monitor_rack_temp_2,34.0,2026-07-13T05:38:24.971Z
sensor.buro_rack_monitor_rack_temp_2,33.875,2026-07-13T05:38:39.976Z
sensor.buro_rack_monitor_rack_temp_2,33.8125,2026-07-13T05:38:55.045Z
sensor.buro_rack_monitor_rack_temp_2,33.75,2026-07-13T05:39:09.909Z
sensor.buro_rack_monitor_rack_temp_2,33.6875,2026-07-13T05:39:25.045Z
sensor.buro_rack_monitor_rack_temp_2,33.625,2026-07-13T05:39:39.968Z
sensor.buro_rack_monitor_rack_temp_2,33.5625,2026-07-13T05:39:54.998Z
sensor.buro_rack_monitor_rack_temp_2,33.5,2026-07-13T05:40:09.905Z
sensor.buro_rack_monitor_rack_temp_2,33.4375,2026-07-13T05:40:39.968Z
sensor.buro_rack_monitor_rack_temp_2,33.375,2026-07-13T05:40:55.026Z
sensor.buro_rack_monitor_rack_temp_2,33.3125,2026-07-13T05:41:09.905Z
sensor.buro_rack_monitor_rack_temp_2,33.25,2026-07-13T05:41:24.969Z
sensor.buro_rack_monitor_rack_temp_2,33.1875,2026-07-13T05:41:39.969Z
sensor.buro_rack_monitor_rack_temp_2,33.125,2026-07-13T05:41:54.972Z
sensor.buro_rack_monitor_rack_temp_2,33.0625,2026-07-13T05:42:09.905Z
sensor.buro_rack_monitor_rack_temp_2,33.0,2026-07-13T05:42:39.969Z
sensor.buro_rack_monitor_rack_temp_2,32.9375,2026-07-13T05:43:09.905Z
sensor.buro_rack_monitor_rack_temp_2,32.875,2026-07-13T05:43:24.969Z
sensor.buro_rack_monitor_rack_temp_2,32.8125,2026-07-13T05:43:39.971Z
sensor.buro_rack_monitor_rack_temp_2,32.75,2026-07-13T05:44:09.910Z
sensor.buro_rack_monitor_rack_temp_2,32.6875,2026-07-13T05:44:24.970Z
sensor.buro_rack_monitor_rack_temp_2,32.625,2026-07-13T05:44:54.970Z
sensor.buro_rack_monitor_rack_temp_2,32.5625,2026-07-13T05:45:24.970Z
sensor.buro_rack_monitor_rack_temp_2,32.5,2026-07-13T05:45:41.583Z
sensor.buro_rack_monitor_rack_temp_2,32.4375,2026-07-13T05:46:10.055Z
sensor.buro_rack_monitor_rack_temp_2,32.375,2026-07-13T05:46:24.972Z
sensor.buro_rack_monitor_rack_temp_2,32.3125,2026-07-13T05:47:09.944Z
sensor.buro_rack_monitor_rack_temp_2,32.25,2026-07-13T05:47:54.971Z
sensor.buro_rack_monitor_rack_temp_2,32.1875,2026-07-13T05:48:10.212Z
sensor.buro_rack_monitor_rack_temp_2,32.125,2026-07-13T05:48:40.023Z
sensor.buro_rack_monitor_rack_temp_2,32.0625,2026-07-13T05:49:10.055Z
sensor.buro_rack_monitor_rack_temp_2,32.0,2026-07-13T05:49:41.303Z
sensor.buro_rack_monitor_rack_temp_2,31.9375,2026-07-13T05:50:24.973Z
sensor.buro_rack_monitor_rack_temp_2,31.875,2026-07-13T05:50:54.972Z
sensor.buro_rack_monitor_rack_temp_2,31.8125,2026-07-13T05:51:25.653Z
sensor.buro_rack_monitor_rack_temp_2,31.75,2026-07-13T05:51:54.972Z
sensor.buro_rack_monitor_rack_temp_2,31.6875,2026-07-13T05:52:54.977Z
sensor.buro_rack_monitor_rack_temp_2,31.625,2026-07-13T05:53:39.973Z
sensor.buro_rack_monitor_rack_temp_2,31.5625,2026-07-13T05:54:24.974Z
sensor.buro_rack_monitor_rack_temp_2,31.5,2026-07-13T05:54:54.973Z
sensor.buro_rack_monitor_rack_temp_2,31.4375,2026-07-13T05:55:55.011Z
sensor.buro_rack_monitor_rack_temp_2,31.375,2026-07-13T05:56:55.021Z
sensor.buro_rack_monitor_rack_temp_2,31.3125,2026-07-13T05:58:09.911Z
sensor.buro_rack_monitor_rack_temp_2,31.25,2026-07-13T05:58:55.222Z
sensor.buro_rack_monitor_rack_temp_2,31.1875,2026-07-13T05:59:39.975Z
sensor.buro_rack_monitor_rack_temp_2,31.25,2026-07-13T05:59:54.975Z
sensor.buro_rack_monitor_rack_temp_2,31.1875,2026-07-13T06:00:09.911Z
sensor.buro_rack_monitor_rack_temp_2,31.125,2026-07-13T06:01:09.914Z
sensor.buro_rack_monitor_rack_temp_2,31.1875,2026-07-13T06:01:24.979Z
sensor.buro_rack_monitor_rack_temp_2,31.125,2026-07-13T06:01:39.976Z
sensor.buro_rack_monitor_rack_temp_2,31.0625,2026-07-13T06:03:24.977Z
sensor.buro_rack_monitor_rack_temp_2,31.125,2026-07-13T06:03:54.978Z
sensor.buro_rack_monitor_rack_temp_2,31.0625,2026-07-13T06:04:09.941Z
sensor.buro_rack_monitor_rack_temp_2,31.0,2026-07-13T06:05:54.979Z
sensor.buro_rack_monitor_rack_temp_2,31.0625,2026-07-13T06:06:09.915Z
sensor.buro_rack_monitor_rack_temp_2,31.0,2026-07-13T06:07:24.978Z
sensor.buro_rack_monitor_rack_temp_2,31.0625,2026-07-13T06:08:24.982Z
sensor.buro_rack_monitor_rack_temp_2,31.0,2026-07-13T06:08:39.981Z
sensor.buro_rack_monitor_rack_temp_2,31.0625,2026-07-13T06:08:55.005Z
sensor.buro_rack_monitor_rack_temp_2,31.0,2026-07-13T06:09:09.916Z
sensor.buro_rack_monitor_rack_temp_2,31.0625,2026-07-13T06:09:24.995Z
sensor.buro_rack_monitor_rack_temp_2,31.0,2026-07-13T06:09:39.979Z
sensor.buro_rack_monitor_rack_temp_2,31.0625,2026-07-13T06:10:09.916Z
sensor.buro_rack_monitor_rack_temp_2,31.0,2026-07-13T06:10:39.979Z
sensor.buro_rack_monitor_rack_temp_2,31.0625,2026-07-13T06:10:54.981Z
sensor.buro_rack_monitor_rack_temp_2,31.0,2026-07-13T06:11:09.917Z
sensor.buro_rack_monitor_rack_temp_2,31.0625,2026-07-13T06:11:25.122Z
sensor.buro_rack_monitor_rack_temp_2,31.125,2026-07-13T06:15:54.984Z
sensor.buro_rack_monitor_rack_temp_2,31.0625,2026-07-13T06:16:09.919Z
sensor.buro_rack_monitor_rack_temp_2,31.125,2026-07-13T06:17:24.982Z
sensor.buro_rack_monitor_rack_temp_2,31.0625,2026-07-13T06:17:39.982Z
sensor.buro_rack_monitor_rack_temp_2,31.125,2026-07-13T06:17:54.982Z
sensor.buro_rack_monitor_rack_temp_2,31.1875,2026-07-13T06:21:54.984Z
sensor.buro_rack_monitor_rack_temp_2,31.125,2026-07-13T06:22:09.930Z
sensor.buro_rack_monitor_rack_temp_2,31.1875,2026-07-13T06:22:39.984Z
sensor.buro_rack_monitor_rack_temp_2,31.125,2026-07-13T06:23:09.921Z
sensor.buro_rack_monitor_rack_temp_2,31.1875,2026-07-13T06:23:24.987Z
sensor.buro_rack_monitor_rack_temp_2,31.125,2026-07-13T06:23:39.988Z
sensor.buro_rack_monitor_rack_temp_2,31.1875,2026-07-13T06:23:54.993Z
sensor.buro_rack_monitor_rack_temp_2,31.25,2026-07-13T06:26:25.701Z
sensor.buro_rack_monitor_rack_temp_2,31.1875,2026-07-13T06:26:39.986Z
sensor.buro_rack_monitor_rack_temp_2,31.25,2026-07-13T06:31:25.420Z
sensor.buro_rack_monitor_rack_temp_2,31.1875,2026-07-13T06:31:54.995Z
sensor.buro_rack_monitor_rack_temp_2,31.25,2026-07-13T06:32:40.016Z
sensor.buro_rack_monitor_rack_temp_2,31.1875,2026-07-13T06:32:54.987Z
sensor.buro_rack_monitor_rack_temp_2,31.25,2026-07-13T06:34:54.989Z
sensor.buro_rack_monitor_rack_temp_2,31.1875,2026-07-13T06:35:54.988Z
sensor.buro_rack_monitor_rack_temp_2,31.25,2026-07-13T06:36:09.944Z
sensor.buro_rack_monitor_rack_temp_2,31.3125,2026-07-13T06:37:24.989Z
sensor.buro_rack_monitor_rack_temp_2,31.375,2026-07-13T06:41:54.989Z
sensor.buro_rack_monitor_rack_temp_2,31.3125,2026-07-13T06:42:09.928Z
sensor.buro_rack_monitor_rack_temp_2,31.375,2026-07-13T06:42:24.991Z
sensor.buro_rack_monitor_rack_temp_2,31.3125,2026-07-13T06:42:39.989Z
sensor.buro_rack_monitor_rack_temp_2,31.375,2026-07-13T06:43:54.989Z
sensor.buro_rack_monitor_rack_temp_2,31.3125,2026-07-13T06:44:10.353Z
sensor.buro_rack_monitor_rack_temp_2,31.375,2026-07-13T06:44:24.990Z
sensor.buro_rack_monitor_rack_temp_2,31.3125,2026-07-13T06:45:24.990Z
sensor.buro_rack_monitor_rack_temp_2,31.375,2026-07-13T06:46:09.959Z
sensor.buro_rack_monitor_rack_temp_2,31.3125,2026-07-13T06:46:39.995Z
sensor.buro_rack_monitor_rack_temp_2,31.375,2026-07-13T06:47:24.993Z
sensor.buro_rack_monitor_rack_temp_2,31.3125,2026-07-13T06:47:39.990Z
sensor.buro_rack_monitor_rack_temp_2,31.375,2026-07-13T06:48:09.986Z
sensor.buro_rack_monitor_rack_temp_2,31.3125,2026-07-13T06:48:54.991Z
sensor.buro_rack_monitor_rack_temp_2,31.375,2026-07-13T06:49:10.145Z
sensor.buro_rack_monitor_rack_temp_2,31.3125,2026-07-13T06:56:24.994Z
sensor.buro_rack_monitor_rack_temp_2,31.375,2026-07-13T06:56:40.055Z
sensor.buro_rack_monitor_rack_temp_2,31.4375,2026-07-13T06:57:54.993Z
sensor.buro_rack_monitor_rack_temp_2,31.5,2026-07-13T06:58:24.996Z
sensor.buro_rack_monitor_rack_temp_2,31.5625,2026-07-13T06:58:54.993Z
sensor.buro_rack_monitor_rack_temp_2,31.625,2026-07-13T06:59:09.951Z
sensor.buro_rack_monitor_rack_temp_2,31.6875,2026-07-13T06:59:24.996Z
sensor.buro_rack_monitor_rack_temp_2,31.8125,2026-07-13T06:59:54.994Z
sensor.buro_rack_monitor_rack_temp_2,31.875,2026-07-13T07:00:24.995Z
sensor.buro_rack_monitor_rack_temp_2,31.9375,2026-07-13T07:00:40.104Z
sensor.buro_rack_monitor_rack_temp_2,32.0,2026-07-13T07:00:54.999Z
sensor.buro_rack_monitor_rack_temp_2,32.0625,2026-07-13T07:01:10.171Z
sensor.buro_rack_monitor_rack_temp_2,32.125,2026-07-13T07:01:24.994Z
sensor.buro_rack_monitor_rack_temp_2,32.1875,2026-07-13T07:01:40.096Z
sensor.buro_rack_monitor_rack_temp_2,32.25,2026-07-13T07:01:54.994Z
sensor.buro_rack_monitor_rack_temp_2,32.3125,2026-07-13T07:02:09.950Z
sensor.buro_rack_monitor_rack_temp_2,32.375,2026-07-13T07:02:24.995Z
sensor.buro_rack_monitor_rack_temp_2,32.4375,2026-07-13T07:02:40.096Z
sensor.buro_rack_monitor_rack_temp_2,32.5,2026-07-13T07:03:09.932Z
sensor.buro_rack_monitor_rack_temp_2,32.5625,2026-07-13T07:03:24.995Z
sensor.buro_rack_monitor_rack_temp_2,32.625,2026-07-13T07:03:40.292Z
sensor.buro_rack_monitor_rack_temp_2,32.6875,2026-07-13T07:03:54.995Z
sensor.buro_rack_monitor_rack_temp_2,32.75,2026-07-13T07:04:24.996Z
sensor.buro_rack_monitor_rack_temp_2,32.8125,2026-07-13T07:04:39.999Z
sensor.buro_rack_monitor_rack_temp_2,32.875,2026-07-13T07:05:24.996Z
sensor.buro_rack_monitor_rack_temp_2,32.9375,2026-07-13T07:05:54.997Z
sensor.buro_rack_monitor_rack_temp_2,33.0,2026-07-13T07:06:10.195Z
sensor.buro_rack_monitor_rack_temp_2,33.0625,2026-07-13T07:06:24.996Z
sensor.buro_rack_monitor_rack_temp_2,33.125,2026-07-13T07:06:55.002Z
sensor.buro_rack_monitor_rack_temp_2,33.1875,2026-07-13T07:07:24.998Z
sensor.buro_rack_monitor_rack_temp_2,33.25,2026-07-13T07:07:40.415Z
sensor.buro_rack_monitor_rack_temp_2,33.3125,2026-07-13T07:08:09.932Z
sensor.buro_rack_monitor_rack_temp_2,33.375,2026-07-13T07:08:40.006Z
sensor.buro_rack_monitor_rack_temp_2,33.4375,2026-07-13T07:08:54.996Z
sensor.buro_rack_monitor_rack_temp_2,33.5,2026-07-13T07:09:40.201Z
sensor.buro_rack_monitor_rack_temp_2,33.5625,2026-07-13T07:09:54.997Z
sensor.buro_rack_monitor_rack_temp_2,33.625,2026-07-13T07:10:40.060Z
sensor.buro_rack_monitor_rack_temp_2,33.6875,2026-07-13T07:11:09.960Z
sensor.buro_rack_monitor_rack_temp_2,33.75,2026-07-13T07:11:54.997Z
sensor.buro_rack_monitor_rack_temp_2,33.8125,2026-07-13T07:12:24.999Z
sensor.buro_rack_monitor_rack_temp_2,33.75,2026-07-13T07:12:40.221Z
sensor.buro_rack_monitor_rack_temp_2,33.8125,2026-07-13T07:12:55.000Z
sensor.buro_rack_monitor_rack_temp_2,33.875,2026-07-13T07:13:24.999Z
sensor.buro_rack_monitor_rack_temp_2,33.9375,2026-07-13T07:13:54.998Z
sensor.buro_rack_monitor_rack_temp_2,34.0,2026-07-13T07:14:40.123Z
sensor.buro_rack_monitor_rack_temp_2,34.0625,2026-07-13T07:15:40.031Z
sensor.buro_rack_monitor_rack_temp_2,34.125,2026-07-13T07:16:10.252Z
sensor.buro_rack_monitor_rack_temp_2,34.1875,2026-07-13T07:17:09.935Z
sensor.buro_rack_monitor_rack_temp_2,34.25,2026-07-13T07:18:09.935Z
sensor.buro_rack_monitor_rack_temp_2,34.3125,2026-07-13T07:18:54.999Z
sensor.buro_rack_monitor_rack_temp_2,34.25,2026-07-13T07:19:09.936Z
sensor.buro_rack_monitor_rack_temp_2,34.3125,2026-07-13T07:19:24.999Z
sensor.buro_rack_monitor_rack_temp_2,34.375,2026-07-13T07:20:55.000Z
sensor.buro_rack_monitor_rack_temp_2,34.4375,2026-07-13T07:21:40.000Z
sensor.buro_rack_monitor_rack_temp_2,34.375,2026-07-13T07:22:09.938Z
sensor.buro_rack_monitor_rack_temp_2,34.4375,2026-07-13T07:22:25.000Z
sensor.buro_rack_monitor_rack_temp_2,34.5,2026-07-13T07:22:55.009Z
sensor.buro_rack_monitor_rack_temp_2,34.4375,2026-07-13T07:23:09.938Z
sensor.buro_rack_monitor_rack_temp_2,34.5,2026-07-13T07:23:40.001Z
sensor.buro_rack_monitor_rack_temp_2,34.5625,2026-07-13T07:24:40.001Z
sensor.buro_rack_monitor_rack_temp_2,34.625,2026-07-13T07:26:09.937Z
sensor.buro_rack_monitor_rack_temp_2,34.5625,2026-07-13T07:26:25.003Z
sensor.buro_rack_monitor_rack_temp_2,34.625,2026-07-13T07:26:55.002Z
sensor.buro_rack_monitor_rack_temp_2,34.6875,2026-07-13T07:27:55.002Z
sensor.buro_rack_monitor_rack_temp_2,34.75,2026-07-13T07:29:25.002Z
sensor.buro_rack_monitor_rack_temp_2,34.8125,2026-07-13T07:30:55.002Z
sensor.buro_rack_monitor_rack_temp_2,34.75,2026-07-13T07:31:25.003Z
sensor.buro_rack_monitor_rack_temp_2,34.8125,2026-07-13T07:31:40.003Z
sensor.buro_rack_monitor_rack_temp_2,34.875,2026-07-13T07:33:09.939Z
sensor.buro_rack_monitor_rack_temp_2,34.9375,2026-07-13T07:35:09.941Z
sensor.buro_rack_monitor_rack_temp_2,34.875,2026-07-13T07:35:40.004Z
sensor.buro_rack_monitor_rack_temp_2,34.9375,2026-07-13T07:35:55.004Z
sensor.buro_rack_monitor_rack_temp_2,35.0,2026-07-13T07:37:09.941Z
sensor.buro_rack_monitor_rack_temp_2,35.0625,2026-07-13T07:38:40.005Z
sensor.buro_rack_monitor_rack_temp_2,35.125,2026-07-13T07:40:40.007Z
sensor.buro_rack_monitor_rack_temp_2,35.1875,2026-07-13T07:43:55.009Z
sensor.buro_rack_monitor_rack_temp_2,35.25,2026-07-13T07:47:25.009Z
sensor.buro_rack_monitor_rack_temp_2,35.1875,2026-07-13T07:47:40.008Z
sensor.buro_rack_monitor_rack_temp_2,35.25,2026-07-13T07:48:40.009Z
sensor.buro_rack_monitor_rack_temp_2,35.1875,2026-07-13T07:49:09.952Z
sensor.buro_rack_monitor_rack_temp_2,35.25,2026-07-13T07:49:25.011Z
sensor.buro_rack_monitor_rack_temp_2,35.1875,2026-07-13T07:50:09.970Z
sensor.buro_rack_monitor_rack_temp_2,35.25,2026-07-13T07:50:25.008Z
sensor.buro_rack_monitor_rack_temp_2,35.3125,2026-07-13T07:52:55.015Z
sensor.buro_rack_monitor_rack_temp_2,35.25,2026-07-13T07:53:10.153Z
sensor.buro_rack_monitor_rack_temp_2,35.3125,2026-07-13T07:53:40.218Z
sensor.buro_rack_monitor_rack_temp_2,35.25,2026-07-13T07:53:55.306Z
sensor.buro_rack_monitor_rack_temp_2,35.3125,2026-07-13T07:54:10.200Z
sensor.buro_rack_monitor_rack_temp_2,35.25,2026-07-13T07:54:25.010Z
sensor.buro_rack_monitor_rack_temp_2,35.3125,2026-07-13T07:54:40.323Z
sensor.buro_rack_monitor_rack_temp_2,35.375,2026-07-13T07:59:09.950Z
sensor.buro_rack_monitor_rack_temp_2,35.4375,2026-07-13T08:02:25.012Z
sensor.buro_rack_monitor_rack_temp_2,35.375,2026-07-13T08:02:40.012Z
sensor.buro_rack_monitor_rack_temp_2,35.4375,2026-07-13T08:04:09.975Z
sensor.buro_rack_monitor_rack_temp_2,35.375,2026-07-13T08:04:40.037Z
sensor.buro_rack_monitor_rack_temp_2,35.4375,2026-07-13T08:05:09.951Z
sensor.buro_rack_monitor_rack_temp_2,35.375,2026-07-13T08:05:40.039Z
sensor.buro_rack_monitor_rack_temp_2,35.4375,2026-07-13T08:05:55.013Z
sensor.buro_rack_monitor_rack_temp_2,35.5,2026-07-13T08:12:25.015Z
sensor.buro_rack_monitor_rack_temp_2,35.4375,2026-07-13T08:12:40.072Z
sensor.buro_rack_monitor_rack_temp_2,35.5,2026-07-13T08:13:09.954Z
sensor.buro_rack_monitor_rack_temp_2,35.5625,2026-07-13T08:21:09.955Z
sensor.buro_rack_monitor_rack_temp_2,35.5,2026-07-13T08:21:25.019Z
sensor.buro_rack_monitor_rack_temp_2,35.5625,2026-07-13T08:21:55.045Z
sensor.buro_rack_monitor_rack_temp_2,35.5,2026-07-13T08:22:09.960Z
sensor.buro_rack_monitor_rack_temp_2,35.5625,2026-07-13T08:22:40.019Z
sensor.buro_rack_monitor_rack_temp_2,35.5,2026-07-13T08:24:25.019Z
sensor.buro_rack_monitor_rack_temp_2,35.5625,2026-07-13T08:24:40.019Z
sensor.buro_rack_monitor_rack_temp_2,35.625,2026-07-13T08:25:09.956Z
sensor.buro_rack_monitor_rack_temp_2,35.5625,2026-07-13T08:26:09.961Z
sensor.buro_rack_monitor_rack_temp_2,35.5,2026-07-13T08:26:25.024Z
sensor.buro_rack_monitor_rack_temp_2,35.4375,2026-07-13T08:26:55.066Z
sensor.buro_rack_monitor_rack_temp_2,35.375,2026-07-13T08:27:09.960Z
sensor.buro_rack_monitor_rack_temp_2,35.25,2026-07-13T08:27:25.026Z
sensor.buro_rack_monitor_rack_temp_2,35.125,2026-07-13T08:27:55.025Z
sensor.buro_rack_monitor_rack_temp_2,35.0625,2026-07-13T08:28:09.964Z
sensor.buro_rack_monitor_rack_temp_2,35.0,2026-07-13T08:28:25.038Z
sensor.buro_rack_monitor_rack_temp_2,34.9375,2026-07-13T08:28:40.025Z
sensor.buro_rack_monitor_rack_temp_2,34.875,2026-07-13T08:28:55.041Z
sensor.buro_rack_monitor_rack_temp_2,34.8125,2026-07-13T08:29:09.963Z
sensor.buro_rack_monitor_rack_temp_2,34.75,2026-07-13T08:29:25.025Z
sensor.buro_rack_monitor_rack_temp_2,34.6875,2026-07-13T08:29:40.024Z
sensor.buro_rack_monitor_rack_temp_2,34.625,2026-07-13T08:29:55.025Z
sensor.buro_rack_monitor_rack_temp_2,34.5625,2026-07-13T08:30:09.957Z
sensor.buro_rack_monitor_rack_temp_2,34.5,2026-07-13T08:30:25.021Z
sensor.buro_rack_monitor_rack_temp_2,34.4375,2026-07-13T08:30:40.024Z
sensor.buro_rack_monitor_rack_temp_2,34.375,2026-07-13T08:30:55.032Z
sensor.buro_rack_monitor_rack_temp_2,34.3125,2026-07-13T08:31:09.957Z
sensor.buro_rack_monitor_rack_temp_2,34.25,2026-07-13T08:31:25.024Z
sensor.buro_rack_monitor_rack_temp_2,34.1875,2026-07-13T08:31:40.021Z
sensor.buro_rack_monitor_rack_temp_2,34.125,2026-07-13T08:31:55.022Z
sensor.buro_rack_monitor_rack_temp_2,34.0625,2026-07-13T08:32:09.958Z
sensor.buro_rack_monitor_rack_temp_2,34.0,2026-07-13T08:32:40.023Z
sensor.buro_rack_monitor_rack_temp_2,33.9375,2026-07-13T08:32:55.021Z
sensor.buro_rack_monitor_rack_temp_2,33.875,2026-07-13T08:33:09.958Z
sensor.buro_rack_monitor_rack_temp_2,33.8125,2026-07-13T08:33:40.022Z
sensor.buro_rack_monitor_rack_temp_2,33.75,2026-07-13T08:33:55.022Z
sensor.buro_rack_monitor_rack_temp_2,33.6875,2026-07-13T08:34:25.022Z
sensor.buro_rack_monitor_rack_temp_2,33.625,2026-07-13T08:34:40.026Z
sensor.buro_rack_monitor_rack_temp_2,33.5625,2026-07-13T08:35:09.960Z
sensor.buro_rack_monitor_rack_temp_2,33.5,2026-07-13T08:35:25.050Z
sensor.buro_rack_monitor_rack_temp_2,33.4375,2026-07-13T08:35:55.047Z
sensor.buro_rack_monitor_rack_temp_2,33.375,2026-07-13T08:36:09.959Z
sensor.buro_rack_monitor_rack_temp_2,33.3125,2026-07-13T08:36:40.023Z
sensor.buro_rack_monitor_rack_temp_2,33.25,2026-07-13T08:37:09.959Z
sensor.buro_rack_monitor_rack_temp_2,33.1875,2026-07-13T08:37:40.459Z
sensor.buro_rack_monitor_rack_temp_2,33.125,2026-07-13T08:38:09.961Z
sensor.buro_rack_monitor_rack_temp_2,33.0625,2026-07-13T08:38:55.279Z
sensor.buro_rack_monitor_rack_temp_2,33.0,2026-07-13T08:39:25.024Z
sensor.buro_rack_monitor_rack_temp_2,32.9375,2026-07-13T08:39:55.101Z
sensor.buro_rack_monitor_rack_temp_2,32.875,2026-07-13T08:40:25.069Z
sensor.buro_rack_monitor_rack_temp_2,32.8125,2026-07-13T08:41:09.961Z
sensor.buro_rack_monitor_rack_temp_2,32.75,2026-07-13T08:41:55.496Z
sensor.buro_rack_monitor_rack_temp_2,32.6875,2026-07-13T08:42:09.961Z
sensor.buro_rack_monitor_rack_temp_2,32.625,2026-07-13T08:43:09.961Z
sensor.buro_rack_monitor_rack_temp_2,32.5625,2026-07-13T08:44:09.963Z
sensor.buro_rack_monitor_rack_temp_2,32.5,2026-07-13T08:44:40.029Z
sensor.buro_rack_monitor_rack_temp_2,32.4375,2026-07-13T08:45:40.026Z
sensor.buro_rack_monitor_rack_temp_2,32.375,2026-07-13T08:46:40.068Z
sensor.buro_rack_monitor_rack_temp_2,32.3125,2026-07-13T08:47:40.027Z
sensor.buro_rack_monitor_rack_temp_2,32.25,2026-07-13T08:48:09.963Z
sensor.buro_rack_monitor_rack_temp_2,32.3125,2026-07-13T08:48:25.027Z
sensor.buro_rack_monitor_rack_temp_2,32.25,2026-07-13T08:48:40.027Z
sensor.buro_rack_monitor_rack_temp_2,32.1875,2026-07-13T08:49:40.187Z
sensor.buro_rack_monitor_rack_temp_2,32.125,2026-07-13T08:50:55.031Z
sensor.buro_rack_monitor_rack_temp_2,32.1875,2026-07-13T08:51:25.029Z
sensor.buro_rack_monitor_rack_temp_2,32.125,2026-07-13T08:51:40.116Z
sensor.buro_rack_monitor_rack_temp_2,32.0625,2026-07-13T08:52:09.965Z
sensor.buro_rack_monitor_rack_temp_2,32.0,2026-07-13T08:53:25.028Z
sensor.buro_rack_monitor_rack_temp_2,31.9375,2026-07-13T08:56:09.966Z
sensor.buro_rack_monitor_rack_temp_2,31.875,2026-07-13T08:59:09.984Z
sensor.buro_rack_monitor_rack_temp_2,31.8125,2026-07-13T09:02:25.032Z
sensor.buro_rack_monitor_rack_temp_2,31.875,2026-07-13T09:03:40.033Z
sensor.buro_rack_monitor_rack_temp_2,31.8125,2026-07-13T09:03:55.032Z
sensor.buro_rack_monitor_rack_temp_2,31.75,2026-07-13T09:06:40.064Z
sensor.buro_rack_monitor_rack_temp_2,31.6875,2026-07-13T09:12:55.037Z
sensor.buro_rack_monitor_rack_temp_2,31.75,2026-07-13T09:14:10.012Z
sensor.buro_rack_monitor_rack_temp_2,31.6875,2026-07-13T09:15:10.428Z
sensor.buro_rack_monitor_rack_temp_2,31.75,2026-07-13T09:26:55.039Z
sensor.buro_rack_monitor_rack_temp_2,31.8125,2026-07-13T09:27:09.976Z
sensor.buro_rack_monitor_rack_temp_2,31.875,2026-07-13T09:27:40.040Z
sensor.buro_rack_monitor_rack_temp_2,31.9375,2026-07-13T09:27:55.040Z
sensor.buro_rack_monitor_rack_temp_2,32.0625,2026-07-13T09:28:25.072Z
sensor.buro_rack_monitor_rack_temp_2,32.125,2026-07-13T09:28:55.040Z
sensor.buro_rack_monitor_rack_temp_2,32.1875,2026-07-13T09:29:25.258Z
sensor.buro_rack_monitor_rack_temp_2,32.25,2026-07-13T09:29:40.041Z
sensor.buro_rack_monitor_rack_temp_2,32.3125,2026-07-13T09:29:55.040Z
sensor.buro_rack_monitor_rack_temp_2,32.375,2026-07-13T09:30:09.982Z
sensor.buro_rack_monitor_rack_temp_2,32.4375,2026-07-13T09:30:25.041Z
sensor.buro_rack_monitor_rack_temp_2,32.5,2026-07-13T09:30:55.040Z
sensor.buro_rack_monitor_rack_temp_2,32.5625,2026-07-13T09:31:09.977Z
sensor.buro_rack_monitor_rack_temp_2,32.625,2026-07-13T09:31:25.042Z
sensor.buro_rack_monitor_rack_temp_2,32.6875,2026-07-13T09:31:55.042Z
sensor.buro_rack_monitor_rack_temp_2,32.75,2026-07-13T09:32:09.977Z
sensor.buro_rack_monitor_rack_temp_2,32.8125,2026-07-13T09:32:40.041Z
sensor.buro_rack_monitor_rack_temp_2,32.875,2026-07-13T09:32:55.624Z
sensor.buro_rack_monitor_rack_temp_2,32.9375,2026-07-13T09:33:25.042Z
sensor.buro_rack_monitor_rack_temp_2,33.0,2026-07-13T09:33:40.041Z
sensor.buro_rack_monitor_rack_temp_2,33.0625,2026-07-13T09:34:09.979Z
sensor.buro_rack_monitor_rack_temp_2,33.125,2026-07-13T09:34:25.044Z
sensor.buro_rack_monitor_rack_temp_2,33.1875,2026-07-13T09:34:55.042Z
sensor.buro_rack_monitor_rack_temp_2,33.25,2026-07-13T09:35:09.983Z
sensor.buro_rack_monitor_rack_temp_2,33.3125,2026-07-13T09:35:40.042Z
sensor.buro_rack_monitor_rack_temp_2,33.375,2026-07-13T09:35:55.066Z
sensor.buro_rack_monitor_rack_temp_2,33.4375,2026-07-13T09:36:40.043Z
sensor.buro_rack_monitor_rack_temp_2,33.5,2026-07-13T09:36:55.193Z
sensor.buro_rack_monitor_rack_temp_2,33.5625,2026-07-13T09:37:25.079Z
sensor.buro_rack_monitor_rack_temp_2,33.625,2026-07-13T09:37:55.044Z
sensor.buro_rack_monitor_rack_temp_2,33.6875,2026-07-13T09:38:09.979Z
sensor.buro_rack_monitor_rack_temp_2,33.75,2026-07-13T09:38:25.044Z
sensor.buro_rack_monitor_rack_temp_2,33.8125,2026-07-13T09:38:55.043Z
sensor.buro_rack_monitor_rack_temp_2,33.875,2026-07-13T09:39:25.043Z
sensor.buro_rack_monitor_rack_temp_2,33.9375,2026-07-13T09:39:55.043Z
sensor.buro_rack_monitor_rack_temp_2,34.0,2026-07-13T09:40:25.043Z
sensor.buro_rack_monitor_rack_temp_2,34.0625,2026-07-13T09:40:55.044Z
sensor.buro_rack_monitor_rack_temp_2,34.125,2026-07-13T09:41:25.036Z
sensor.buro_rack_monitor_rack_temp_2,34.1875,2026-07-13T09:42:25.147Z
sensor.buro_rack_monitor_rack_temp_2,34.25,2026-07-13T09:42:40.050Z
sensor.buro_rack_monitor_rack_temp_2,34.3125,2026-07-13T09:43:25.057Z
sensor.buro_rack_monitor_rack_temp_2,34.375,2026-07-13T09:44:09.986Z
sensor.buro_rack_monitor_rack_temp_2,34.4375,2026-07-13T09:44:40.036Z
sensor.buro_rack_monitor_rack_temp_2,34.5,2026-07-13T09:45:09.985Z
sensor.buro_rack_monitor_rack_temp_2,34.5625,2026-07-13T09:46:09.985Z
sensor.buro_rack_monitor_rack_temp_2,34.625,2026-07-13T09:46:55.077Z
sensor.buro_rack_monitor_rack_temp_2,34.6875,2026-07-13T09:47:25.067Z
sensor.buro_rack_monitor_rack_temp_2,34.75,2026-07-13T09:48:25.062Z
sensor.buro_rack_monitor_rack_temp_2,34.8125,2026-07-13T09:48:40.051Z
sensor.buro_rack_monitor_rack_temp_2,34.875,2026-07-13T09:49:55.074Z
sensor.buro_rack_monitor_rack_temp_2,34.9375,2026-07-13T09:50:40.052Z
sensor.buro_rack_monitor_rack_temp_2,34.875,2026-07-13T09:50:55.080Z
sensor.buro_rack_monitor_rack_temp_2,34.9375,2026-07-13T09:51:09.988Z
sensor.buro_rack_monitor_rack_temp_2,35.0,2026-07-13T09:51:40.052Z
sensor.buro_rack_monitor_rack_temp_2,35.0625,2026-07-13T09:52:10.005Z
sensor.buro_rack_monitor_rack_temp_2,35.125,2026-07-13T09:53:25.065Z
sensor.buro_rack_monitor_rack_temp_2,35.1875,2026-07-13T09:54:25.038Z
sensor.buro_rack_monitor_rack_temp_2,35.25,2026-07-13T09:55:55.051Z
sensor.buro_rack_monitor_rack_temp_2,35.3125,2026-07-13T09:56:40.053Z
sensor.buro_rack_monitor_rack_temp_2,35.25,2026-07-13T09:56:55.052Z
sensor.buro_rack_monitor_rack_temp_2,35.3125,2026-07-13T09:57:09.988Z
sensor.buro_rack_monitor_rack_temp_2,35.375,2026-07-13T09:58:09.988Z
sensor.buro_rack_monitor_rack_temp_2,35.4375,2026-07-13T09:59:09.991Z
sensor.buro_rack_monitor_rack_temp_2,35.375,2026-07-13T09:59:25.068Z
sensor.buro_rack_monitor_rack_temp_2,35.4375,2026-07-13T09:59:40.058Z
sensor.buro_rack_monitor_rack_temp_2,35.5,2026-07-13T10:00:40.039Z
sensor.buro_rack_monitor_rack_temp_2,35.5625,2026-07-13T10:01:55.046Z
sensor.buro_rack_monitor_rack_temp_2,35.625,2026-07-13T10:02:55.055Z
sensor.buro_rack_monitor_rack_temp_2,35.5625,2026-07-13T10:03:09.988Z
sensor.buro_rack_monitor_rack_temp_2,35.625,2026-07-13T10:03:25.056Z
sensor.buro_rack_monitor_rack_temp_2,35.6875,2026-07-13T10:04:55.055Z
sensor.buro_rack_monitor_rack_temp_2,35.625,2026-07-13T10:05:09.992Z
sensor.buro_rack_monitor_rack_temp_2,35.6875,2026-07-13T10:05:25.056Z
sensor.buro_rack_monitor_rack_temp_2,35.75,2026-07-13T10:06:40.067Z
sensor.buro_rack_monitor_rack_temp_2,35.8125,2026-07-13T10:08:25.054Z
sensor.buro_rack_monitor_rack_temp_2,35.75,2026-07-13T10:10:25.121Z
sensor.buro_rack_monitor_rack_temp_2,35.6875,2026-07-13T10:10:40.057Z
sensor.buro_rack_monitor_rack_temp_2,35.5625,2026-07-13T10:11:09.994Z
sensor.buro_rack_monitor_rack_temp_2,35.5,2026-07-13T10:11:25.056Z
sensor.buro_rack_monitor_rack_temp_2,35.375,2026-07-13T10:11:40.057Z
sensor.buro_rack_monitor_rack_temp_2,35.1875,2026-07-13T10:11:55.056Z
sensor.buro_rack_monitor_rack_temp_2,35.0625,2026-07-13T10:12:09.990Z
sensor.buro_rack_monitor_rack_temp_2,35.0,2026-07-13T10:12:25.057Z
sensor.buro_rack_monitor_rack_temp_2,34.8125,2026-07-13T10:12:40.048Z
sensor.buro_rack_monitor_rack_temp_2,34.6875,2026-07-13T10:12:55.052Z
sensor.buro_rack_monitor_rack_temp_2,34.5625,2026-07-13T10:13:09.989Z
sensor.buro_rack_monitor_rack_temp_2,34.4375,2026-07-13T10:13:25.053Z
sensor.buro_rack_monitor_rack_temp_2,34.375,2026-07-13T10:13:40.057Z
sensor.buro_rack_monitor_rack_temp_2,34.25,2026-07-13T10:13:55.072Z
sensor.buro_rack_monitor_rack_temp_2,34.125,2026-07-13T10:14:09.989Z
sensor.buro_rack_monitor_rack_temp_2,34.0625,2026-07-13T10:14:25.057Z
sensor.buro_rack_monitor_rack_temp_2,33.9375,2026-07-13T10:14:40.054Z
sensor.buro_rack_monitor_rack_temp_2,33.8125,2026-07-13T10:14:55.053Z
sensor.buro_rack_monitor_rack_temp_2,33.75,2026-07-13T10:15:09.990Z
sensor.buro_rack_monitor_rack_temp_2,33.6875,2026-07-13T10:15:25.072Z
sensor.buro_rack_monitor_rack_temp_2,33.5625,2026-07-13T10:15:40.054Z
sensor.buro_rack_monitor_rack_temp_2,33.4375,2026-07-13T10:15:55.101Z
sensor.buro_rack_monitor_rack_temp_2,33.3125,2026-07-13T10:16:25.054Z
sensor.buro_rack_monitor_rack_temp_2,33.25,2026-07-13T10:16:40.057Z
sensor.buro_rack_monitor_rack_temp_2,33.1875,2026-07-13T10:16:55.054Z
sensor.buro_rack_monitor_rack_temp_2,33.125,2026-07-13T10:17:09.991Z
sensor.buro_rack_monitor_rack_temp_2,33.0625,2026-07-13T10:17:25.065Z
sensor.buro_rack_monitor_rack_temp_2,33.0,2026-07-13T10:17:40.056Z
sensor.buro_rack_monitor_rack_temp_2,32.9375,2026-07-13T10:17:55.070Z
sensor.buro_rack_monitor_rack_temp_2,32.8125,2026-07-13T10:18:09.992Z
sensor.buro_rack_monitor_rack_temp_2,32.6875,2026-07-13T10:18:40.059Z
sensor.buro_rack_monitor_rack_temp_2,32.625,2026-07-13T10:19:09.995Z
sensor.buro_rack_monitor_rack_temp_2,32.5625,2026-07-13T10:19:25.056Z
sensor.buro_rack_monitor_rack_temp_2,32.5,2026-07-13T10:19:40.080Z
sensor.buro_rack_monitor_rack_temp_2,32.4375,2026-07-13T10:19:55.056Z
sensor.buro_rack_monitor_rack_temp_2,32.375,2026-07-13T10:20:10.007Z
sensor.buro_rack_monitor_rack_temp_2,32.3125,2026-07-13T10:20:25.056Z
sensor.buro_rack_monitor_rack_temp_2,32.25,2026-07-13T10:20:55.058Z
sensor.buro_rack_monitor_rack_temp_2,32.1875,2026-07-13T10:21:09.995Z
sensor.buro_rack_monitor_rack_temp_2,32.125,2026-07-13T10:21:40.059Z
sensor.buro_rack_monitor_rack_temp_2,32.0625,2026-07-13T10:21:55.057Z
sensor.buro_rack_monitor_rack_temp_2,32.0,2026-07-13T10:22:25.057Z
sensor.buro_rack_monitor_rack_temp_2,31.9375,2026-07-13T10:22:40.057Z
sensor.buro_rack_monitor_rack_temp_2,31.875,2026-07-13T10:22:55.057Z
sensor.buro_rack_monitor_rack_temp_2,31.8125,2026-07-13T10:23:25.057Z
sensor.buro_rack_monitor_rack_temp_2,31.75,2026-07-13T10:23:55.057Z
sensor.buro_rack_monitor_rack_temp_2,31.6875,2026-07-13T10:24:25.057Z
sensor.buro_rack_monitor_rack_temp_2,31.625,2026-07-13T10:24:55.057Z
sensor.buro_rack_monitor_rack_temp_2,31.5625,2026-07-13T10:25:25.058Z
sensor.buro_rack_monitor_rack_temp_2,31.5,2026-07-13T10:25:40.058Z
sensor.buro_rack_monitor_rack_temp_2,31.4375,2026-07-13T10:26:25.058Z
sensor.buro_rack_monitor_rack_temp_2,31.375,2026-07-13T10:27:09.997Z
sensor.buro_rack_monitor_rack_temp_2,31.3125,2026-07-13T10:27:55.060Z
sensor.buro_rack_monitor_rack_temp_2,31.25,2026-07-13T10:28:09.998Z
sensor.buro_rack_monitor_rack_temp_2,31.3125,2026-07-13T10:28:25.476Z
sensor.buro_rack_monitor_rack_temp_2,31.25,2026-07-13T10:28:40.065Z
sensor.buro_rack_monitor_rack_temp_2,31.1875,2026-07-13T10:29:09.996Z
sensor.buro_rack_monitor_rack_temp_2,31.125,2026-07-13T10:29:55.062Z
sensor.buro_rack_monitor_rack_temp_2,31.0625,2026-07-13T10:30:55.059Z
sensor.buro_rack_monitor_rack_temp_2,31.0,2026-07-13T10:31:55.061Z
sensor.buro_rack_monitor_rack_temp_2,30.9375,2026-07-13T10:32:55.060Z
sensor.buro_rack_monitor_rack_temp_2,30.875,2026-07-13T10:34:25.061Z
sensor.buro_rack_monitor_rack_temp_2,30.8125,2026-07-13T10:35:40.066Z
sensor.buro_rack_monitor_rack_temp_2,30.75,2026-07-13T10:37:25.062Z
sensor.buro_rack_monitor_rack_temp_2,30.8125,2026-07-13T10:38:25.062Z
sensor.buro_rack_monitor_rack_temp_2,30.75,2026-07-13T10:38:40.117Z
sensor.buro_rack_monitor_rack_temp_2,30.8125,2026-07-13T10:38:55.065Z
sensor.buro_rack_monitor_rack_temp_2,30.75,2026-07-13T10:39:40.062Z
sensor.buro_rack_monitor_rack_temp_2,30.6875,2026-07-13T10:42:25.063Z
sensor.buro_rack_monitor_rack_temp_2,30.625,2026-07-13T10:45:40.065Z
sensor.buro_rack_monitor_rack_temp_2,30.6875,2026-07-13T10:45:55.064Z
sensor.buro_rack_monitor_rack_temp_2,30.625,2026-07-13T10:46:40.065Z
sensor.buro_rack_monitor_rack_temp_2,30.5625,2026-07-13T10:49:55.076Z
sensor.buro_rack_monitor_rack_temp_2,30.625,2026-07-13T10:50:10.002Z
sensor.buro_rack_monitor_rack_temp_2,30.5625,2026-07-13T10:51:10.002Z
sensor.buro_rack_monitor_rack_temp_2,30.625,2026-07-13T10:51:25.071Z
sensor.buro_rack_monitor_rack_temp_2,30.5625,2026-07-13T10:53:40.067Z
sensor.buro_rack_monitor_rack_temp_2,30.625,2026-07-13T10:55:10.003Z
sensor.buro_rack_monitor_rack_temp_2,30.5625,2026-07-13T10:55:25.067Z
sensor.buro_rack_monitor_rack_temp_2,30.625,2026-07-13T10:56:10.004Z
sensor.buro_rack_monitor_rack_temp_2,30.5625,2026-07-13T10:56:40.200Z
sensor.buro_rack_monitor_rack_temp_2,30.625,2026-07-13T10:57:40.068Z
sensor.buro_rack_monitor_rack_temp_2,30.5625,2026-07-13T10:57:55.068Z
sensor.buro_rack_monitor_rack_temp_2,30.625,2026-07-13T10:58:25.069Z
sensor.buro_rack_monitor_rack_temp_2,30.5625,2026-07-13T10:58:40.081Z
sensor.buro_rack_monitor_rack_temp_2,30.625,2026-07-13T11:00:25.069Z
sensor.buro_rack_monitor_rack_temp_2,30.5625,2026-07-13T11:00:40.074Z
sensor.buro_rack_monitor_rack_temp_2,30.625,2026-07-13T11:00:55.069Z
sensor.buro_rack_monitor_rack_temp_2,30.5625,2026-07-13T11:01:10.007Z
sensor.buro_rack_monitor_rack_temp_2,30.625,2026-07-13T11:01:55.070Z
sensor.buro_rack_monitor_rack_temp_2,30.5625,2026-07-13T11:02:25.070Z
sensor.buro_rack_monitor_rack_temp_2,30.625,2026-07-13T11:03:10.006Z
sensor.buro_rack_monitor_rack_temp_2,30.5625,2026-07-13T11:03:55.072Z
sensor.buro_rack_monitor_rack_temp_2,30.625,2026-07-13T11:04:10.179Z
sensor.buro_rack_monitor_rack_temp_2,30.5625,2026-07-13T11:04:40.071Z
sensor.buro_rack_monitor_rack_temp_2,30.625,2026-07-13T11:05:25.072Z
sensor.buro_rack_monitor_rack_temp_2,30.5625,2026-07-13T11:07:10.175Z
sensor.buro_rack_monitor_rack_temp_2,30.625,2026-07-13T11:07:40.202Z
sensor.buro_rack_monitor_rack_temp_2,30.5625,2026-07-13T11:07:55.071Z
sensor.buro_rack_monitor_rack_temp_2,30.625,2026-07-13T11:08:10.150Z
sensor.buro_rack_monitor_rack_temp_2,30.5625,2026-07-13T11:08:40.146Z
sensor.buro_rack_monitor_rack_temp_2,30.625,2026-07-13T11:09:10.008Z
sensor.buro_rack_monitor_rack_temp_2,30.6875,2026-07-13T11:11:40.075Z
sensor.buro_rack_monitor_rack_temp_2,30.75,2026-07-13T11:11:55.073Z
sensor.buro_rack_monitor_rack_temp_2,30.8125,2026-07-13T11:12:10.112Z
sensor.buro_rack_monitor_rack_temp_2,30.9375,2026-07-13T11:12:25.072Z
sensor.buro_rack_monitor_rack_temp_2,31.0,2026-07-13T11:12:40.074Z
sensor.buro_rack_monitor_rack_temp_2,31.0625,2026-07-13T11:13:10.135Z
sensor.buro_rack_monitor_rack_temp_2,31.1875,2026-07-13T11:13:25.075Z
sensor.buro_rack_monitor_rack_temp_2,31.25,2026-07-13T11:13:40.078Z
sensor.buro_rack_monitor_rack_temp_2,31.3125,2026-07-13T11:13:55.073Z
sensor.buro_rack_monitor_rack_temp_2,31.375,2026-07-13T11:14:10.009Z
sensor.buro_rack_monitor_rack_temp_2,31.4375,2026-07-13T11:14:25.074Z
sensor.buro_rack_monitor_rack_temp_2,31.5,2026-07-13T11:14:40.174Z
sensor.buro_rack_monitor_rack_temp_2,31.5625,2026-07-13T11:14:55.074Z
sensor.buro_rack_monitor_rack_temp_2,31.625,2026-07-13T11:15:10.011Z
sensor.buro_rack_monitor_rack_temp_2,31.75,2026-07-13T11:15:25.075Z
sensor.buro_rack_monitor_rack_temp_2,31.8125,2026-07-13T11:15:40.074Z
sensor.buro_rack_monitor_rack_temp_2,31.9375,2026-07-13T11:16:10.051Z
sensor.buro_rack_monitor_rack_temp_2,32.0,2026-07-13T11:16:25.144Z
sensor.buro_rack_monitor_rack_temp_2,32.125,2026-07-13T11:16:55.074Z
sensor.buro_rack_monitor_rack_temp_2,32.25,2026-07-13T11:17:25.074Z
sensor.buro_rack_monitor_rack_temp_2,32.3125,2026-07-13T11:17:55.075Z
sensor.buro_rack_monitor_rack_temp_2,32.375,2026-07-13T11:18:10.066Z
sensor.buro_rack_monitor_rack_temp_2,32.4375,2026-07-13T11:18:25.075Z
sensor.buro_rack_monitor_rack_temp_2,32.5,2026-07-13T11:18:55.087Z
sensor.buro_rack_monitor_rack_temp_2,32.5625,2026-07-13T11:19:10.015Z
sensor.buro_rack_monitor_rack_temp_2,32.625,2026-07-13T11:19:25.081Z
sensor.buro_rack_monitor_rack_temp_2,32.6875,2026-07-13T11:19:40.075Z
sensor.buro_rack_monitor_rack_temp_2,32.75,2026-07-13T11:19:55.075Z
sensor.buro_rack_monitor_rack_temp_2,32.8125,2026-07-13T11:20:25.079Z
sensor.buro_rack_monitor_rack_temp_2,32.875,2026-07-13T11:20:40.116Z
sensor.buro_rack_monitor_rack_temp_2,32.9375,2026-07-13T11:20:55.080Z
sensor.buro_rack_monitor_rack_temp_2,33.0,2026-07-13T11:21:10.052Z
sensor.buro_rack_monitor_rack_temp_2,33.0625,2026-07-13T11:21:40.091Z
sensor.buro_rack_monitor_rack_temp_2,33.125,2026-07-13T11:22:10.090Z
sensor.buro_rack_monitor_rack_temp_2,33.1875,2026-07-13T11:22:25.078Z
sensor.buro_rack_monitor_rack_temp_2,33.25,2026-07-13T11:22:40.187Z
sensor.buro_rack_monitor_rack_temp_2,33.3125,2026-07-13T11:23:10.012Z
sensor.buro_rack_monitor_rack_temp_2,33.375,2026-07-13T11:23:25.090Z
sensor.buro_rack_monitor_rack_temp_2,33.4375,2026-07-13T11:23:55.076Z
sensor.buro_rack_monitor_rack_temp_2,33.5,2026-07-13T11:24:25.076Z
sensor.buro_rack_monitor_rack_temp_2,33.5625,2026-07-13T11:24:40.076Z
sensor.buro_rack_monitor_rack_temp_2,33.625,2026-07-13T11:25:25.077Z
sensor.buro_rack_monitor_rack_temp_2,33.6875,2026-07-13T11:25:55.089Z
sensor.buro_rack_monitor_rack_temp_2,33.75,2026-07-13T11:26:10.013Z
sensor.buro_rack_monitor_rack_temp_2,33.8125,2026-07-13T11:26:40.077Z
sensor.buro_rack_monitor_rack_temp_2,33.875,2026-07-13T11:26:55.076Z
sensor.buro_rack_monitor_rack_temp_2,33.9375,2026-07-13T11:27:40.082Z
sensor.buro_rack_monitor_rack_temp_2,34.0,2026-07-13T11:28:10.014Z
sensor.buro_rack_monitor_rack_temp_2,34.0625,2026-07-13T11:28:40.077Z
sensor.buro_rack_monitor_rack_temp_2,34.125,2026-07-13T11:29:25.095Z
sensor.buro_rack_monitor_rack_temp_2,34.1875,2026-07-13T11:29:40.078Z
sensor.buro_rack_monitor_rack_temp_2,34.25,2026-07-13T11:30:40.077Z
sensor.buro_rack_monitor_rack_temp_2,34.3125,2026-07-13T11:30:55.348Z
sensor.buro_rack_monitor_rack_temp_2,34.375,2026-07-13T11:31:40.078Z
sensor.buro_rack_monitor_rack_temp_2,34.4375,2026-07-13T11:32:25.078Z
sensor.buro_rack_monitor_rack_temp_2,34.5,2026-07-13T11:33:10.016Z
sensor.buro_rack_monitor_rack_temp_2,34.5625,2026-07-13T11:33:40.078Z
sensor.buro_rack_monitor_rack_temp_2,34.625,2026-07-13T11:34:40.079Z
sensor.buro_rack_monitor_rack_temp_2,34.6875,2026-07-13T11:35:10.308Z
sensor.buro_rack_monitor_rack_temp_2,34.75,2026-07-13T11:35:55.082Z
sensor.buro_rack_monitor_rack_temp_2,34.8125,2026-07-13T11:36:55.079Z
sensor.buro_rack_monitor_rack_temp_2,34.875,2026-07-13T11:37:55.079Z
sensor.buro_rack_monitor_rack_temp_2,34.9375,2026-07-13T11:38:25.080Z
sensor.buro_rack_monitor_rack_temp_2,35.0,2026-07-13T11:39:10.173Z
sensor.buro_rack_monitor_rack_temp_2,35.0625,2026-07-13T11:39:40.145Z
sensor.buro_rack_monitor_rack_temp_2,35.125,2026-07-13T11:40:25.081Z
sensor.buro_rack_monitor_rack_temp_2,35.1875,2026-07-13T11:41:10.016Z
sensor.buro_rack_monitor_rack_temp_2,35.25,2026-07-13T11:42:25.122Z
sensor.buro_rack_monitor_rack_temp_2,35.3125,2026-07-13T11:43:40.086Z
sensor.buro_rack_monitor_rack_temp_2,35.375,2026-07-13T11:44:40.081Z
sensor.buro_rack_monitor_rack_temp_2,35.4375,2026-07-13T11:45:55.171Z
sensor.buro_rack_monitor_rack_temp_2,35.5,2026-07-13T11:47:10.018Z
sensor.buro_rack_monitor_rack_temp_2,35.5625,2026-07-13T11:49:25.081Z
sensor.buro_rack_monitor_rack_temp_2,35.625,2026-07-13T11:50:25.114Z
sensor.buro_rack_monitor_rack_temp_2,35.5625,2026-07-13T11:50:40.084Z
sensor.buro_rack_monitor_rack_temp_2,35.625,2026-07-13T11:50:55.086Z
sensor.buro_rack_monitor_rack_temp_2,35.6875,2026-07-13T11:52:40.082Z
sensor.buro_rack_monitor_rack_temp_2,35.75,2026-07-13T11:54:10.020Z
sensor.buro_rack_monitor_rack_temp_2,35.8125,2026-07-13T11:55:55.084Z
sensor.buro_rack_monitor_rack_temp_2,35.75,2026-07-13T11:56:25.110Z
sensor.buro_rack_monitor_rack_temp_2,35.8125,2026-07-13T11:57:10.021Z
sensor.buro_rack_monitor_rack_temp_2,35.875,2026-07-13T11:59:10.137Z
sensor.buro_rack_monitor_rack_temp_2,35.9375,2026-07-13T12:00:55.086Z
sensor.buro_rack_monitor_rack_temp_2,35.875,2026-07-13T12:01:25.087Z
sensor.buro_rack_monitor_rack_temp_2,35.9375,2026-07-13T12:01:40.086Z
sensor.buro_rack_monitor_rack_temp_2,36.0,2026-07-13T12:03:55.087Z
sensor.buro_rack_monitor_rack_temp_2,36.0625,2026-07-13T12:06:55.088Z
sensor.buro_rack_monitor_rack_temp_2,36.0,2026-07-13T12:07:25.089Z
sensor.buro_rack_monitor_rack_temp_2,36.0625,2026-07-13T12:07:55.089Z
sensor.buro_rack_monitor_rack_temp_2,36.0,2026-07-13T12:08:10.025Z
sensor.buro_rack_monitor_rack_temp_2,36.0625,2026-07-13T12:08:25.089Z
sensor.buro_rack_monitor_rack_temp_2,36.125,2026-07-13T12:09:55.090Z
sensor.buro_rack_monitor_rack_temp_2,36.0625,2026-07-13T12:10:25.091Z
sensor.buro_rack_monitor_rack_temp_2,36.125,2026-07-13T12:10:40.089Z
sensor.buro_rack_monitor_rack_temp_2,36.1875,2026-07-13T12:13:40.092Z
sensor.buro_rack_monitor_rack_temp_2,36.125,2026-07-13T12:13:55.090Z
sensor.buro_rack_monitor_rack_temp_2,36.1875,2026-07-13T12:14:10.027Z
sensor.buro_rack_monitor_rack_temp_2,36.125,2026-07-13T12:14:25.091Z
sensor.buro_rack_monitor_rack_temp_2,36.1875,2026-07-13T12:14:40.091Z
sensor.buro_rack_monitor_rack_temp_2,36.125,2026-07-13T12:14:55.152Z
sensor.buro_rack_monitor_rack_temp_2,36.1875,2026-07-13T12:15:10.027Z
sensor.buro_rack_monitor_rack_temp_2,36.125,2026-07-13T12:16:25.108Z
sensor.buro_rack_monitor_rack_temp_2,36.1875,2026-07-13T12:16:40.091Z
sensor.buro_rack_monitor_rack_temp_2,36.25,2026-07-13T12:17:40.093Z
sensor.buro_rack_monitor_rack_temp_2,36.1875,2026-07-13T12:17:55.114Z
sensor.buro_rack_monitor_rack_temp_2,36.25,2026-07-13T12:18:10.028Z
sensor.buro_rack_monitor_rack_temp_2,36.3125,2026-07-13T12:22:25.093Z
sensor.buro_rack_monitor_rack_temp_2,36.25,2026-07-13T12:22:40.093Z
sensor.buro_rack_monitor_rack_temp_2,36.3125,2026-07-13T12:23:40.097Z
sensor.buro_rack_monitor_rack_temp_2,36.25,2026-07-13T12:24:10.031Z
sensor.buro_rack_monitor_rack_temp_2,36.3125,2026-07-13T12:24:40.098Z
sensor.buro_rack_monitor_rack_temp_2,36.25,2026-07-13T12:24:55.094Z
sensor.buro_rack_monitor_rack_temp_2,36.3125,2026-07-13T12:25:10.032Z
sensor.buro_rack_monitor_rack_temp_2,36.375,2026-07-13T12:30:25.096Z
sensor.buro_rack_monitor_rack_temp_2,36.3125,2026-07-13T12:30:55.096Z
sensor.buro_rack_monitor_rack_temp_2,36.375,2026-07-13T12:31:40.390Z
sensor.buro_rack_monitor_rack_temp_2,36.3125,2026-07-13T12:31:55.096Z
sensor.buro_rack_monitor_rack_temp_2,36.375,2026-07-13T12:32:10.877Z
sensor.buro_rack_monitor_rack_temp_2,36.3125,2026-07-13T12:32:40.205Z
sensor.buro_rack_monitor_rack_temp_2,36.375,2026-07-13T12:32:55.101Z
sensor.buro_rack_monitor_rack_temp_2,36.4375,2026-07-13T12:36:55.097Z
sensor.buro_rack_monitor_rack_temp_2,36.375,2026-07-13T12:37:25.098Z
sensor.buro_rack_monitor_rack_temp_2,36.4375,2026-07-13T12:37:40.098Z
sensor.buro_rack_monitor_rack_temp_2,36.375,2026-07-13T12:37:55.098Z
sensor.buro_rack_monitor_rack_temp_2,36.4375,2026-07-13T12:38:10.038Z
sensor.buro_rack_monitor_rack_temp_2,36.5,2026-07-13T12:39:25.101Z
sensor.buro_rack_monitor_rack_temp_2,36.5625,2026-07-13T12:42:40.116Z
sensor.buro_rack_monitor_rack_temp_2,36.5,2026-07-13T12:43:55.117Z
sensor.buro_rack_monitor_rack_temp_2,36.5625,2026-07-13T12:44:10.037Z
sensor.buro_rack_monitor_rack_temp_2,36.5,2026-07-13T12:44:25.101Z
sensor.buro_rack_monitor_rack_temp_2,36.5625,2026-07-13T12:45:25.136Z
sensor.buro_rack_monitor_rack_temp_2,36.5,2026-07-13T12:45:40.100Z
sensor.buro_rack_monitor_rack_temp_2,36.5625,2026-07-13T12:46:10.036Z
sensor.buro_rack_monitor_rack_temp_2,36.5,2026-07-13T12:46:25.116Z
sensor.buro_rack_monitor_rack_temp_2,36.5625,2026-07-13T12:46:55.100Z
sensor.buro_rack_monitor_rack_temp_2,36.5,2026-07-13T12:47:10.037Z
sensor.buro_rack_monitor_rack_temp_2,36.5625,2026-07-13T12:47:40.101Z
sensor.buro_rack_monitor_rack_temp_2,36.5,2026-07-13T12:48:10.038Z
sensor.buro_rack_monitor_rack_temp_2,36.5625,2026-07-13T12:48:25.114Z
sensor.buro_rack_monitor_rack_temp_2,36.5,2026-07-13T12:49:25.210Z
sensor.buro_rack_monitor_rack_temp_2,36.5625,2026-07-13T12:49:40.102Z
sensor.buro_rack_monitor_rack_temp_2,36.5,2026-07-13T12:53:55.108Z
sensor.buro_rack_monitor_rack_temp_2,36.3125,2026-07-13T12:54:10.095Z
sensor.buro_rack_monitor_rack_temp_2,36.0625,2026-07-13T12:54:25.108Z
sensor.buro_rack_monitor_rack_temp_2,35.8125,2026-07-13T12:54:40.111Z
sensor.buro_rack_monitor_rack_temp_2,35.5625,2026-07-13T12:54:55.108Z
sensor.buro_rack_monitor_rack_temp_2,35.3125,2026-07-13T12:55:10.043Z
sensor.buro_rack_monitor_rack_temp_2,35.125,2026-07-13T12:55:25.109Z
sensor.buro_rack_monitor_rack_temp_2,34.875,2026-07-13T12:55:40.158Z
sensor.buro_rack_monitor_rack_temp_2,34.625,2026-07-13T12:55:55.108Z
sensor.buro_rack_monitor_rack_temp_2,34.375,2026-07-13T12:56:10.048Z
sensor.buro_rack_monitor_rack_temp_2,34.1875,2026-07-13T12:56:25.109Z
sensor.buro_rack_monitor_rack_temp_2,33.9375,2026-07-13T12:56:40.110Z
sensor.buro_rack_monitor_rack_temp_2,33.75,2026-07-13T12:56:55.109Z
sensor.buro_rack_monitor_rack_temp_2,33.625,2026-07-13T12:57:10.053Z
sensor.buro_rack_monitor_rack_temp_2,33.375,2026-07-13T12:57:25.113Z
sensor.buro_rack_monitor_rack_temp_2,33.3125,2026-07-13T12:57:40.490Z
sensor.buro_rack_monitor_rack_temp_2,33.125,2026-07-13T12:57:55.110Z
sensor.buro_rack_monitor_rack_temp_2,33.0,2026-07-13T12:58:10.172Z
sensor.buro_rack_monitor_rack_temp_2,32.875,2026-07-13T12:58:25.112Z
sensor.buro_rack_monitor_rack_temp_2,32.75,2026-07-13T12:58:40.112Z
sensor.buro_rack_monitor_rack_temp_2,32.625,2026-07-13T12:58:55.109Z
sensor.buro_rack_monitor_rack_temp_2,32.5,2026-07-13T12:59:10.280Z
sensor.buro_rack_monitor_rack_temp_2,32.375,2026-07-13T12:59:25.098Z
sensor.buro_rack_monitor_rack_temp_2,32.25,2026-07-13T12:59:40.276Z
sensor.buro_rack_monitor_rack_temp_2,32.1875,2026-07-13T12:59:55.105Z
sensor.buro_rack_monitor_rack_temp_2,32.125,2026-07-13T13:00:10.162Z
sensor.buro_rack_monitor_rack_temp_2,32.0,2026-07-13T13:00:25.105Z
sensor.buro_rack_monitor_rack_temp_2,31.9375,2026-07-13T13:00:40.221Z
sensor.buro_rack_monitor_rack_temp_2,31.8125,2026-07-13T13:00:55.105Z
sensor.buro_rack_monitor_rack_temp_2,31.75,2026-07-13T13:01:10.043Z
sensor.buro_rack_monitor_rack_temp_2,31.6875,2026-07-13T13:01:25.107Z
sensor.buro_rack_monitor_rack_temp_2,31.625,2026-07-13T13:01:40.315Z
sensor.buro_rack_monitor_rack_temp_2,31.5625,2026-07-13T13:01:55.109Z
sensor.buro_rack_monitor_rack_temp_2,31.5,2026-07-13T13:02:10.052Z
sensor.buro_rack_monitor_rack_temp_2,31.4375,2026-07-13T13:02:25.106Z
sensor.buro_rack_monitor_rack_temp_2,31.375,2026-07-13T13:02:40.106Z
sensor.buro_rack_monitor_rack_temp_2,31.3125,2026-07-13T13:02:55.106Z
sensor.buro_rack_monitor_rack_temp_2,31.25,2026-07-13T13:03:10.098Z
sensor.buro_rack_monitor_rack_temp_2,31.1875,2026-07-13T13:03:25.106Z
sensor.buro_rack_monitor_rack_temp_2,31.125,2026-07-13T13:03:40.106Z
sensor.buro_rack_monitor_rack_temp_2,31.0625,2026-07-13T13:03:55.107Z
sensor.buro_rack_monitor_rack_temp_2,31.0,2026-07-13T13:04:10.044Z
sensor.buro_rack_monitor_rack_temp_2,30.9375,2026-07-13T13:04:25.107Z
sensor.buro_rack_monitor_rack_temp_2,30.875,2026-07-13T13:04:55.106Z
sensor.buro_rack_monitor_rack_temp_2,30.8125,2026-07-13T13:05:10.043Z
sensor.buro_rack_monitor_rack_temp_2,30.75,2026-07-13T13:05:40.112Z
sensor.buro_rack_monitor_rack_temp_2,30.6875,2026-07-13T13:05:55.108Z
sensor.buro_rack_monitor_rack_temp_2,30.625,2026-07-13T13:06:25.203Z
sensor.buro_rack_monitor_rack_temp_2,30.5625,2026-07-13T13:06:55.107Z
sensor.buro_rack_monitor_rack_temp_2,30.5,2026-07-13T13:07:25.218Z
sensor.buro_rack_monitor_rack_temp_2,30.4375,2026-07-13T13:07:55.107Z
sensor.buro_rack_monitor_rack_temp_2,30.375,2026-07-13T13:08:25.108Z
sensor.buro_rack_monitor_rack_temp_2,30.3125,2026-07-13T13:09:10.045Z
sensor.buro_rack_monitor_rack_temp_2,30.25,2026-07-13T13:09:55.109Z
sensor.buro_rack_monitor_rack_temp_2,30.1875,2026-07-13T13:10:40.108Z
sensor.buro_rack_monitor_rack_temp_2,30.125,2026-07-13T13:11:40.108Z
sensor.buro_rack_monitor_rack_temp_2,30.0625,2026-07-13T13:12:10.048Z
sensor.buro_rack_monitor_rack_temp_2,30.0,2026-07-13T13:13:10.045Z
sensor.buro_rack_monitor_rack_temp_2,29.9375,2026-07-13T13:14:10.074Z
sensor.buro_rack_monitor_rack_temp_2,29.875,2026-07-13T13:14:25.124Z
sensor.buro_rack_monitor_rack_temp_2,29.9375,2026-07-13T13:14:40.160Z
sensor.buro_rack_monitor_rack_temp_2,29.875,2026-07-13T13:14:55.109Z
sensor.buro_rack_monitor_rack_temp_2,29.8125,2026-07-13T13:16:25.110Z
sensor.buro_rack_monitor_rack_temp_2,29.75,2026-07-13T13:17:25.110Z
sensor.buro_rack_monitor_rack_temp_2,29.6875,2026-07-13T13:18:55.111Z
sensor.buro_rack_monitor_rack_temp_2,29.625,2026-07-13T13:20:10.096Z
sensor.buro_rack_monitor_rack_temp_2,29.5625,2026-07-13T13:21:25.112Z
sensor.buro_rack_monitor_rack_temp_2,29.625,2026-07-13T13:21:40.148Z
sensor.buro_rack_monitor_rack_temp_2,29.5625,2026-07-13T13:21:55.112Z
sensor.buro_rack_monitor_rack_temp_2,29.5,2026-07-13T13:24:10.049Z
sensor.buro_rack_monitor_rack_temp_2,29.4375,2026-07-13T13:26:25.118Z
sensor.buro_rack_monitor_rack_temp_2,29.375,2026-07-13T13:28:40.114Z
sensor.buro_rack_monitor_rack_temp_2,29.3125,2026-07-13T13:33:10.188Z
sensor.buro_rack_monitor_rack_temp_2,29.25,2026-07-13T13:35:55.117Z
sensor.buro_rack_monitor_rack_temp_2,29.3125,2026-07-13T13:36:25.134Z
sensor.buro_rack_monitor_rack_temp_2,29.25,2026-07-13T13:37:25.148Z
sensor.buro_rack_monitor_rack_temp_2,29.3125,2026-07-13T13:37:40.126Z
sensor.buro_rack_monitor_rack_temp_2,29.25,2026-07-13T13:37:55.246Z
sensor.buro_rack_monitor_rack_temp_2,29.3125,2026-07-13T13:40:25.123Z
sensor.buro_rack_monitor_rack_temp_2,29.25,2026-07-13T13:40:40.254Z
sensor.buro_rack_monitor_rack_temp_2,29.3125,2026-07-13T13:40:55.119Z
sensor.buro_rack_monitor_rack_temp_2,29.25,2026-07-13T13:41:10.055Z
sensor.buro_rack_monitor_rack_temp_2,29.3125,2026-07-13T13:41:40.120Z
sensor.buro_rack_monitor_rack_temp_2,29.25,2026-07-13T13:43:10.060Z
sensor.buro_rack_monitor_rack_temp_2,29.3125,2026-07-13T13:43:25.120Z
sensor.buro_rack_monitor_rack_temp_2,29.25,2026-07-13T13:43:40.252Z
sensor.buro_rack_monitor_rack_temp_2,29.1875,2026-07-13T13:48:25.121Z
sensor.buro_rack_monitor_rack_temp_2,29.125,2026-07-13T13:53:40.123Z
sensor.buro_rack_monitor_rack_temp_2,29.1875,2026-07-13T13:54:10.065Z
sensor.buro_rack_monitor_rack_temp_2,29.125,2026-07-13T13:54:55.135Z
sensor.buro_rack_monitor_rack_temp_2,29.1875,2026-07-13T13:55:10.060Z
sensor.buro_rack_monitor_rack_temp_2,29.125,2026-07-13T13:56:10.061Z
sensor.buro_rack_monitor_rack_temp_2,29.1875,2026-07-13T13:56:55.125Z
sensor.buro_rack_monitor_rack_temp_2,29.125,2026-07-13T13:57:10.061Z
sensor.buro_rack_monitor_rack_temp_2,29.1875,2026-07-13T13:57:25.128Z
sensor.buro_rack_monitor_rack_temp_2,29.125,2026-07-13T13:57:40.125Z
sensor.buro_rack_monitor_rack_temp_2,29.25,2026-07-13T13:58:40.125Z
sensor.buro_rack_monitor_rack_temp_2,29.375,2026-07-13T13:58:55.124Z
sensor.buro_rack_monitor_rack_temp_2,29.4375,2026-07-13T13:59:10.295Z
sensor.buro_rack_monitor_rack_temp_2,29.5625,2026-07-13T13:59:25.127Z
sensor.buro_rack_monitor_rack_temp_2,29.6875,2026-07-13T13:59:40.125Z
sensor.buro_rack_monitor_rack_temp_2,29.8125,2026-07-13T13:59:55.125Z
sensor.buro_rack_monitor_intake_temp,24.125,2026-07-13T05:30:00.000Z
sensor.buro_rack_monitor_intake_temp,24.1875,2026-07-13T05:30:59.384Z
sensor.buro_rack_monitor_intake_temp,24.25,2026-07-13T05:31:59.587Z
sensor.buro_rack_monitor_intake_temp,24.1875,2026-07-13T05:32:14.384Z
sensor.buro_rack_monitor_intake_temp,24.25,2026-07-13T05:32:29.437Z
sensor.buro_rack_monitor_intake_temp,24.3125,2026-07-13T05:32:44.385Z
sensor.buro_rack_monitor_intake_temp,24.375,2026-07-13T05:32:59.389Z
sensor.buro_rack_monitor_intake_temp,24.4375,2026-07-13T05:33:29.463Z
sensor.buro_rack_monitor_intake_temp,24.5,2026-07-13T05:33:59.388Z
sensor.buro_rack_monitor_intake_temp,24.4375,2026-07-13T05:34:59.384Z
sensor.buro_rack_monitor_intake_temp,24.5,2026-07-13T05:35:29.383Z
sensor.buro_rack_monitor_intake_temp,24.4375,2026-07-13T05:35:44.385Z
sensor.buro_rack_monitor_intake_temp,24.375,2026-07-13T05:36:29.386Z
sensor.buro_rack_monitor_intake_temp,24.4375,2026-07-13T05:36:44.384Z
sensor.buro_rack_monitor_intake_temp,24.5,2026-07-13T05:36:59.385Z
sensor.buro_rack_monitor_intake_temp,24.5625,2026-07-13T05:37:14.385Z
sensor.buro_rack_monitor_intake_temp,24.5,2026-07-13T05:37:44.394Z
sensor.buro_rack_monitor_intake_temp,24.4375,2026-07-13T05:38:44.464Z
sensor.buro_rack_monitor_intake_temp,24.5,2026-07-13T05:38:59.380Z
sensor.buro_rack_monitor_intake_temp,24.5625,2026-07-13T05:39:29.382Z
sensor.buro_rack_monitor_intake_temp,24.625,2026-07-13T05:39:59.454Z
sensor.buro_rack_monitor_intake_temp,24.5625,2026-07-13T05:40:14.382Z
sensor.buro_rack_monitor_intake_temp,24.5,2026-07-13T05:40:59.381Z
sensor.buro_rack_monitor_intake_temp,24.4375,2026-07-13T05:41:14.381Z
sensor.buro_rack_monitor_intake_temp,24.375,2026-07-13T05:42:14.381Z
sensor.buro_rack_monitor_intake_temp,24.4375,2026-07-13T05:42:29.381Z
sensor.buro_rack_monitor_intake_temp,24.5625,2026-07-13T05:42:44.381Z
sensor.buro_rack_monitor_intake_temp,24.4375,2026-07-13T05:43:14.381Z
sensor.buro_rack_monitor_intake_temp,24.3125,2026-07-13T05:43:29.389Z
sensor.buro_rack_monitor_intake_temp,24.4375,2026-07-13T05:44:29.447Z
sensor.buro_rack_monitor_intake_temp,24.5,2026-07-13T05:44:59.627Z
sensor.buro_rack_monitor_intake_temp,24.4375,2026-07-13T05:45:14.383Z
sensor.buro_rack_monitor_intake_temp,24.5,2026-07-13T05:45:44.383Z
sensor.buro_rack_monitor_intake_temp,24.4375,2026-07-13T05:45:59.382Z
sensor.buro_rack_monitor_intake_temp,24.375,2026-07-13T05:46:59.385Z
sensor.buro_rack_monitor_intake_temp,24.3125,2026-07-13T05:47:29.383Z
sensor.buro_rack_monitor_intake_temp,24.25,2026-07-13T05:47:44.387Z
sensor.buro_rack_monitor_intake_temp,24.1875,2026-07-13T05:47:59.386Z
sensor.buro_rack_monitor_intake_temp,24.125,2026-07-13T05:48:14.390Z
sensor.buro_rack_monitor_intake_temp,24.1875,2026-07-13T05:48:29.385Z
sensor.buro_rack_monitor_intake_temp,24.25,2026-07-13T05:48:44.384Z
sensor.buro_rack_monitor_intake_temp,24.125,2026-07-13T05:48:59.383Z
sensor.buro_rack_monitor_intake_temp,24.0625,2026-07-13T05:49:14.385Z
sensor.buro_rack_monitor_intake_temp,24.125,2026-07-13T05:50:14.527Z
sensor.buro_rack_monitor_intake_temp,24.0625,2026-07-13T05:50:29.389Z
sensor.buro_rack_monitor_intake_temp,23.9375,2026-07-13T05:51:14.530Z
sensor.buro_rack_monitor_intake_temp,24.0,2026-07-13T05:51:29.384Z
sensor.buro_rack_monitor_intake_temp,24.0625,2026-07-13T05:51:44.538Z
sensor.buro_rack_monitor_intake_temp,24.0,2026-07-13T05:51:59.402Z
sensor.buro_rack_monitor_intake_temp,24.0625,2026-07-13T05:52:29.384Z
sensor.buro_rack_monitor_intake_temp,24.125,2026-07-13T05:52:44.442Z
sensor.buro_rack_monitor_intake_temp,24.0625,2026-07-13T05:52:59.385Z
sensor.buro_rack_monitor_intake_temp,24.125,2026-07-13T05:53:14.386Z
sensor.buro_rack_monitor_intake_temp,24.0625,2026-07-13T05:53:29.385Z
sensor.buro_rack_monitor_intake_temp,24.125,2026-07-13T05:53:44.409Z
sensor.buro_rack_monitor_intake_temp,24.0625,2026-07-13T05:54:14.385Z
sensor.buro_rack_monitor_intake_temp,24.0,2026-07-13T05:55:14.387Z
sensor.buro_rack_monitor_intake_temp,24.0625,2026-07-13T05:55:59.387Z
sensor.buro_rack_monitor_intake_temp,24.125,2026-07-13T05:56:29.421Z
sensor.buro_rack_monitor_intake_temp,24.0625,2026-07-13T05:56:59.386Z
sensor.buro_rack_monitor_intake_temp,24.0,2026-07-13T05:57:14.386Z
sensor.buro_rack_monitor_intake_temp,24.125,2026-07-13T05:57:59.386Z
sensor.buro_rack_monitor_intake_temp,24.0625,2026-07-13T05:58:14.389Z
sensor.buro_rack_monitor_intake_temp,24.0,2026-07-13T05:58:59.428Z
sensor.buro_rack_monitor_intake_temp,24.0625,2026-07-13T05:59:29.388Z
sensor.buro_rack_monitor_intake_temp,24.0,2026-07-13T05:59:44.388Z
sensor.buro_rack_monitor_intake_temp,23.9375,2026-07-13T06:00:44.388Z
sensor.buro_rack_monitor_intake_temp,24.0,2026-07-13T06:01:14.388Z
sensor.buro_rack_monitor_intake_temp,23.9375,2026-07-13T06:01:44.389Z
sensor.buro_rack_monitor_intake_temp,24.0,2026-07-13T06:01:59.388Z
sensor.buro_rack_monitor_intake_temp,24.125,2026-07-13T06:02:29.389Z
sensor.buro_rack_monitor_intake_temp,24.1875,2026-07-13T06:02:44.392Z
sensor.buro_rack_monitor_intake_temp,24.25,2026-07-13T06:03:14.571Z
sensor.buro_rack_monitor_intake_temp,24.3125,2026-07-13T06:03:29.389Z
sensor.buro_rack_monitor_intake_temp,24.25,2026-07-13T06:03:44.390Z
sensor.buro_rack_monitor_intake_temp,24.3125,2026-07-13T06:03:59.389Z
sensor.buro_rack_monitor_intake_temp,24.25,2026-07-13T06:04:29.389Z
sensor.buro_rack_monitor_intake_temp,24.1875,2026-07-13T06:04:44.389Z
sensor.buro_rack_monitor_intake_temp,24.0625,2026-07-13T06:04:59.389Z
sensor.buro_rack_monitor_intake_temp,24.125,2026-07-13T06:05:44.657Z
sensor.buro_rack_monitor_intake_temp,24.25,2026-07-13T06:05:59.390Z
sensor.buro_rack_monitor_intake_temp,24.3125,2026-07-13T06:06:14.615Z
sensor.buro_rack_monitor_intake_temp,24.375,2026-07-13T06:06:29.390Z
sensor.buro_rack_monitor_intake_temp,24.5,2026-07-13T06:07:29.391Z
sensor.buro_rack_monitor_intake_temp,24.4375,2026-07-13T06:07:44.420Z
sensor.buro_rack_monitor_intake_temp,24.5,2026-07-13T06:08:44.391Z
sensor.buro_rack_monitor_intake_temp,24.5625,2026-07-13T06:09:14.391Z
sensor.buro_rack_monitor_intake_temp,24.625,2026-07-13T06:09:29.392Z
sensor.buro_rack_monitor_intake_temp,24.6875,2026-07-13T06:09:59.395Z
sensor.buro_rack_monitor_intake_temp,24.75,2026-07-13T06:11:59.393Z
sensor.buro_rack_monitor_intake_temp,24.6875,2026-07-13T06:12:29.392Z
sensor.buro_rack_monitor_intake_temp,24.625,2026-07-13T06:13:44.392Z
sensor.buro_rack_monitor_intake_temp,24.5625,2026-07-13T06:13:59.396Z
sensor.buro_rack_monitor_intake_temp,24.5,2026-07-13T06:14:14.393Z
sensor.buro_rack_monitor_intake_temp,24.4375,2026-07-13T06:14:44.393Z
sensor.buro_rack_monitor_intake_temp,24.5,2026-07-13T06:14:59.435Z
sensor.buro_rack_monitor_intake_temp,24.625,2026-07-13T06:16:44.395Z
sensor.buro_rack_monitor_intake_temp,24.5625,2026-07-13T06:16:59.402Z
sensor.buro_rack_monitor_intake_temp,24.625,2026-07-13T06:17:29.406Z
sensor.buro_rack_monitor_intake_temp,24.6875,2026-07-13T06:17:44.395Z
sensor.buro_rack_monitor_intake_temp,24.625,2026-07-13T06:17:59.690Z
sensor.buro_rack_monitor_intake_temp,24.6875,2026-07-13T06:18:14.394Z
sensor.buro_rack_monitor_intake_temp,24.75,2026-07-13T06:18:44.402Z
sensor.buro_rack_monitor_intake_temp,24.8125,2026-07-13T06:19:14.395Z
sensor.buro_rack_monitor_intake_temp,24.875,2026-07-13T06:19:29.395Z
sensor.buro_rack_monitor_intake_temp,24.8125,2026-07-13T06:20:29.395Z
sensor.buro_rack_monitor_intake_temp,24.875,2026-07-13T06:20:44.395Z
sensor.buro_rack_monitor_intake_temp,24.8125,2026-07-13T06:21:29.496Z
sensor.buro_rack_monitor_intake_temp,24.75,2026-07-13T06:22:29.396Z
sensor.buro_rack_monitor_intake_temp,24.8125,2026-07-13T06:23:29.402Z
sensor.buro_rack_monitor_intake_temp,24.875,2026-07-13T06:23:44.406Z
sensor.buro_rack_monitor_intake_temp,24.8125,2026-07-13T06:24:29.402Z
sensor.buro_rack_monitor_intake_temp,24.875,2026-07-13T06:24:44.815Z
sensor.buro_rack_monitor_intake_temp,24.8125,2026-07-13T06:25:29.400Z
sensor.buro_rack_monitor_intake_temp,24.75,2026-07-13T06:25:44.397Z
sensor.buro_rack_monitor_intake_temp,24.6875,2026-07-13T06:25:59.397Z
sensor.buro_rack_monitor_intake_temp,24.75,2026-07-13T06:26:29.399Z
sensor.buro_rack_monitor_intake_temp,24.8125,2026-07-13T06:26:44.398Z
sensor.buro_rack_monitor_intake_temp,24.875,2026-07-13T06:28:29.398Z
sensor.buro_rack_monitor_intake_temp,24.8125,2026-07-13T06:28:44.398Z
sensor.buro_rack_monitor_intake_temp,24.875,2026-07-13T06:30:14.400Z
sensor.buro_rack_monitor_intake_temp,24.8125,2026-07-13T06:32:14.403Z
sensor.buro_rack_monitor_intake_temp,24.75,2026-07-13T06:33:14.404Z
sensor.buro_rack_monitor_intake_temp,24.8125,2026-07-13T06:33:59.448Z
sensor.buro_rack_monitor_intake_temp,24.75,2026-07-13T06:34:29.684Z
sensor.buro_rack_monitor_intake_temp,24.875,2026-07-13T06:34:44.400Z
sensor.buro_rack_monitor_intake_temp,24.8125,2026-07-13T06:34:59.445Z
sensor.buro_rack_monitor_intake_temp,24.875,2026-07-13T06:35:14.402Z
sensor.buro_rack_monitor_intake_temp,24.9375,2026-07-13T06:36:14.402Z
sensor.buro_rack_monitor_intake_temp,24.875,2026-07-13T06:36:44.401Z
sensor.buro_rack_monitor_intake_temp,24.9375,2026-07-13T06:36:59.424Z
sensor.buro_rack_monitor_intake_temp,25.0,2026-07-13T06:37:44.400Z
sensor.buro_rack_monitor_intake_temp,24.9375,2026-07-13T06:37:59.667Z
sensor.buro_rack_monitor_intake_temp,25.0,2026-07-13T06:39:44.403Z
sensor.buro_rack_monitor_intake_temp,24.9375,2026-07-13T06:39:59.401Z
sensor.buro_rack_monitor_intake_temp,24.875,2026-07-13T06:40:59.402Z
sensor.buro_rack_monitor_intake_temp,24.8125,2026-07-13T06:41:29.402Z
sensor.buro_rack_monitor_intake_temp,24.875,2026-07-13T06:42:29.402Z
sensor.buro_rack_monitor_intake_temp,24.9375,2026-07-13T06:43:59.401Z
sensor.buro_rack_monitor_intake_temp,24.875,2026-07-13T06:44:14.401Z
sensor.buro_rack_monitor_intake_temp,24.9375,2026-07-13T06:44:44.406Z
sensor.buro_rack_monitor_intake_temp,24.875,2026-07-13T06:46:29.403Z
sensor.buro_rack_monitor_intake_temp,24.8125,2026-07-13T06:46:59.404Z
sensor.buro_rack_monitor_intake_temp,24.9375,2026-07-13T06:47:59.402Z
sensor.buro_rack_monitor_intake_temp,24.875,2026-07-13T06:49:14.403Z
sensor.buro_rack_monitor_intake_temp,24.9375,2026-07-13T06:50:44.405Z
sensor.buro_rack_monitor_intake_temp,24.875,2026-07-13T06:50:59.403Z
sensor.buro_rack_monitor_intake_temp,24.9375,2026-07-13T06:51:29.403Z
sensor.buro_rack_monitor_intake_temp,25.0,2026-07-13T06:52:44.407Z
sensor.buro_rack_monitor_intake_temp,24.9375,2026-07-13T06:52:59.405Z
sensor.buro_rack_monitor_intake_temp,24.875,2026-07-13T06:53:14.404Z
sensor.buro_rack_monitor_intake_temp,24.8125,2026-07-13T06:53:29.404Z
sensor.buro_rack_monitor_intake_temp,24.875,2026-07-13T06:53:44.406Z
sensor.buro_rack_monitor_intake_temp,24.75,2026-07-13T06:53:59.405Z
sensor.buro_rack_monitor_intake_temp,24.8125,2026-07-13T06:54:14.404Z
sensor.buro_rack_monitor_intake_temp,24.875,2026-07-13T06:54:29.407Z
sensor.buro_rack_monitor_intake_temp,24.8125,2026-07-13T06:55:29.405Z
sensor.buro_rack_monitor_intake_temp,24.75,2026-07-13T06:55:44.407Z
sensor.buro_rack_monitor_intake_temp,24.8125,2026-07-13T06:56:14.405Z
sensor.buro_rack_monitor_intake_temp,24.75,2026-07-13T06:56:44.405Z
sensor.buro_rack_monitor_intake_temp,24.8125,2026-07-13T06:57:14.396Z
sensor.buro_rack_monitor_intake_temp,24.875,2026-07-13T06:58:29.407Z
sensor.buro_rack_monitor_intake_temp,24.9375,2026-07-13T06:59:44.407Z
sensor.buro_rack_monitor_intake_temp,25.0,2026-07-13T07:00:14.490Z
sensor.buro_rack_monitor_intake_temp,24.9375,2026-07-13T07:00:29.406Z
sensor.buro_rack_monitor_intake_temp,25.0,2026-07-13T07:00:59.407Z
sensor.buro_rack_monitor_intake_temp,25.0625,2026-07-13T07:01:44.565Z
sensor.buro_rack_monitor_intake_temp,25.0,2026-07-13T07:01:59.409Z
sensor.buro_rack_monitor_intake_temp,25.0625,2026-07-13T07:04:14.504Z
sensor.buro_rack_monitor_intake_temp,25.125,2026-07-13T07:04:59.407Z
sensor.buro_rack_monitor_intake_temp,25.0625,2026-07-13T07:05:14.407Z
sensor.buro_rack_monitor_intake_temp,25.125,2026-07-13T07:05:29.408Z
sensor.buro_rack_monitor_intake_temp,25.1875,2026-07-13T07:06:44.408Z
sensor.buro_rack_monitor_intake_temp,25.125,2026-07-13T07:08:29.410Z
sensor.buro_rack_monitor_intake_temp,25.1875,2026-07-13T07:08:44.408Z
sensor.buro_rack_monitor_intake_temp,25.125,2026-07-13T07:08:59.412Z
sensor.buro_rack_monitor_intake_temp,25.1875,2026-07-13T07:09:29.414Z
sensor.buro_rack_monitor_intake_temp,25.125,2026-07-13T07:09:59.409Z
sensor.buro_rack_monitor_intake_temp,25.1875,2026-07-13T07:10:29.409Z
sensor.buro_rack_monitor_intake_temp,25.125,2026-07-13T07:11:44.413Z
sensor.buro_rack_monitor_intake_temp,25.1875,2026-07-13T07:12:29.411Z
sensor.buro_rack_monitor_intake_temp,25.125,2026-07-13T07:12:44.411Z
sensor.buro_rack_monitor_intake_temp,25.1875,2026-07-13T07:12:59.409Z
sensor.buro_rack_monitor_intake_temp,25.125,2026-07-13T07:14:14.410Z
sensor.buro_rack_monitor_intake_temp,25.1875,2026-07-13T07:14:29.410Z
sensor.buro_rack_monitor_intake_temp,25.25,2026-07-13T07:14:59.410Z
sensor.buro_rack_monitor_intake_temp,25.1875,2026-07-13T07:15:14.410Z
sensor.buro_rack_monitor_intake_temp,25.125,2026-07-13T07:16:59.411Z
sensor.buro_rack_monitor_intake_temp,25.1875,2026-07-13T07:17:14.420Z
sensor.buro_rack_monitor_intake_temp,25.25,2026-07-13T07:18:29.411Z
sensor.buro_rack_monitor_intake_temp,25.3125,2026-07-13T07:20:29.411Z
sensor.buro_rack_monitor_intake_temp,25.25,2026-07-13T07:20:44.561Z
sensor.buro_rack_monitor_intake_temp,25.3125,2026-07-13T07:22:59.412Z
sensor.buro_rack_monitor_intake_temp,25.25,2026-07-13T07:23:14.412Z
sensor.buro_rack_monitor_intake_temp,25.3125,2026-07-13T07:25:44.414Z
sensor.buro_rack_monitor_intake_temp,25.25,2026-07-13T07:25:59.413Z
sensor.buro_rack_monitor_intake_temp,25.3125,2026-07-13T07:26:14.413Z
sensor.buro_rack_monitor_intake_temp,25.25,2026-07-13T07:28:14.707Z
sensor.buro_rack_monitor_intake_temp,25.3125,2026-07-13T07:28:44.460Z
sensor.buro_rack_monitor_intake_temp,25.375,2026-07-13T07:31:29.416Z
sensor.buro_rack_monitor_intake_temp,25.3125,2026-07-13T07:31:44.544Z
sensor.buro_rack_monitor_intake_temp,25.375,2026-07-13T07:35:14.555Z
sensor.buro_rack_monitor_intake_temp,25.3125,2026-07-13T07:35:59.451Z
sensor.buro_rack_monitor_intake_temp,25.375,2026-07-13T07:37:14.601Z
sensor.buro_rack_monitor_intake_temp,25.4375,2026-07-13T07:39:59.417Z
sensor.buro_rack_monitor_intake_temp,25.375,2026-07-13T07:40:14.424Z
sensor.buro_rack_monitor_intake_temp,25.4375,2026-07-13T07:41:29.419Z
sensor.buro_rack_monitor_intake_temp,25.375,2026-07-13T07:41:59.418Z
sensor.buro_rack_monitor_intake_temp,25.4375,2026-07-13T07:44:44.419Z
sensor.buro_rack_monitor_intake_temp,25.375,2026-07-13T07:44:59.419Z
sensor.buro_rack_monitor_intake_temp,25.4375,2026-07-13T07:45:44.536Z
sensor.buro_rack_monitor_intake_temp,25.375,2026-07-13T07:45:59.419Z
sensor.buro_rack_monitor_intake_temp,25.4375,2026-07-13T07:46:14.422Z
sensor.buro_rack_monitor_intake_temp,25.375,2026-07-13T07:46:44.822Z
sensor.buro_rack_monitor_intake_temp,25.4375,2026-07-13T07:47:29.420Z
sensor.buro_rack_monitor_intake_temp,25.375,2026-07-13T07:47:44.421Z
sensor.buro_rack_monitor_intake_temp,25.4375,2026-07-13T07:47:59.420Z
sensor.buro_rack_monitor_intake_temp,25.5,2026-07-13T07:48:59.420Z
sensor.buro_rack_monitor_intake_temp,25.4375,2026-07-13T07:49:14.421Z
sensor.buro_rack_monitor_intake_temp,25.5,2026-07-13T07:51:29.488Z
sensor.buro_rack_monitor_intake_temp,25.4375,2026-07-13T07:51:44.422Z
sensor.buro_rack_monitor_intake_temp,25.5,2026-07-13T07:51:59.421Z
sensor.buro_rack_monitor_intake_temp,25.4375,2026-07-13T07:52:14.421Z
sensor.buro_rack_monitor_intake_temp,25.5,2026-07-13T07:52:29.421Z
sensor.buro_rack_monitor_intake_temp,25.4375,2026-07-13T07:52:44.421Z
sensor.buro_rack_monitor_intake_temp,25.5,2026-07-13T07:52:59.421Z
sensor.buro_rack_monitor_intake_temp,25.4375,2026-07-13T07:53:59.425Z
sensor.buro_rack_monitor_intake_temp,25.5,2026-07-13T07:54:44.422Z
sensor.buro_rack_monitor_intake_temp,25.4375,2026-07-13T07:54:59.422Z
sensor.buro_rack_monitor_intake_temp,25.5,2026-07-13T07:55:29.422Z
sensor.buro_rack_monitor_intake_temp,25.4375,2026-07-13T07:56:29.422Z
sensor.buro_rack_monitor_intake_temp,25.375,2026-07-13T07:59:29.423Z
sensor.buro_rack_monitor_intake_temp,25.4375,2026-07-13T07:59:44.423Z
sensor.buro_rack_monitor_intake_temp,25.375,2026-07-13T08:01:29.427Z
sensor.buro_rack_monitor_intake_temp,25.4375,2026-07-13T08:01:44.424Z
sensor.buro_rack_monitor_intake_temp,25.5,2026-07-13T08:05:59.425Z
sensor.buro_rack_monitor_intake_temp,25.4375,2026-07-13T08:06:14.425Z
sensor.buro_rack_monitor_intake_temp,25.5,2026-07-13T08:06:29.425Z
sensor.buro_rack_monitor_intake_temp,25.4375,2026-07-13T08:06:59.426Z
sensor.buro_rack_monitor_intake_temp,25.5,2026-07-13T08:08:59.430Z
sensor.buro_rack_monitor_intake_temp,25.4375,2026-07-13T08:09:14.431Z
sensor.buro_rack_monitor_intake_temp,25.5,2026-07-13T08:09:29.427Z
sensor.buro_rack_monitor_intake_temp,25.4375,2026-07-13T08:09:59.571Z
sensor.buro_rack_monitor_intake_temp,25.5,2026-07-13T08:10:44.427Z
sensor.buro_rack_monitor_intake_temp,25.4375,2026-07-13T08:11:29.427Z
sensor.buro_rack_monitor_intake_temp,25.5,2026-07-13T08:11:44.451Z
sensor.buro_rack_monitor_intake_temp,25.5625,2026-07-13T08:12:29.427Z
sensor.buro_rack_monitor_intake_temp,25.5,2026-07-13T08:12:59.427Z
sensor.buro_rack_monitor_intake_temp,25.5625,2026-07-13T08:14:29.427Z
sensor.buro_rack_monitor_intake_temp,25.5,2026-07-13T08:14:44.428Z
sensor.buro_rack_monitor_intake_temp,25.5625,2026-07-13T08:17:44.503Z
sensor.buro_rack_monitor_intake_temp,25.5,2026-07-13T08:17:59.429Z
sensor.buro_rack_monitor_intake_temp,25.5625,2026-07-13T08:22:14.581Z
sensor.buro_rack_monitor_intake_temp,25.625,2026-07-13T08:22:59.437Z
sensor.buro_rack_monitor_intake_temp,25.6875,2026-07-13T08:23:59.431Z
sensor.buro_rack_monitor_intake_temp,25.75,2026-07-13T08:25:14.434Z
sensor.buro_rack_monitor_intake_temp,25.6875,2026-07-13T08:25:29.436Z
sensor.buro_rack_monitor_intake_temp,25.5625,2026-07-13T08:25:44.437Z
sensor.buro_rack_monitor_intake_temp,25.5,2026-07-13T08:25:59.437Z
sensor.buro_rack_monitor_intake_temp,25.4375,2026-07-13T08:27:29.436Z
sensor.buro_rack_monitor_intake_temp,25.375,2026-07-13T08:27:59.437Z
sensor.buro_rack_monitor_intake_temp,25.4375,2026-07-13T08:28:29.445Z
sensor.buro_rack_monitor_intake_temp,25.375,2026-07-13T08:29:14.425Z
sensor.buro_rack_monitor_intake_temp,25.3125,2026-07-13T08:30:29.433Z
sensor.buro_rack_monitor_intake_temp,25.375,2026-07-13T08:31:29.439Z
sensor.buro_rack_monitor_intake_temp,25.3125,2026-07-13T08:31:44.434Z
sensor.buro_rack_monitor_intake_temp,25.375,2026-07-13T08:32:14.434Z
sensor.buro_rack_monitor_intake_temp,25.3125,2026-07-13T08:32:44.434Z
sensor.buro_rack_monitor_intake_temp,25.375,2026-07-13T08:33:44.434Z
sensor.buro_rack_monitor_intake_temp,25.4375,2026-07-13T08:34:14.434Z
sensor.buro_rack_monitor_intake_temp,25.375,2026-07-13T08:34:29.437Z
sensor.buro_rack_monitor_intake_temp,25.3125,2026-07-13T08:35:29.434Z
sensor.buro_rack_monitor_intake_temp,25.25,2026-07-13T08:35:44.434Z
sensor.buro_rack_monitor_intake_temp,25.3125,2026-07-13T08:38:14.435Z
sensor.buro_rack_monitor_intake_temp,25.25,2026-07-13T08:39:59.436Z
sensor.buro_rack_monitor_intake_temp,25.3125,2026-07-13T08:40:14.437Z
sensor.buro_rack_monitor_intake_temp,25.25,2026-07-13T08:40:29.716Z
sensor.buro_rack_monitor_intake_temp,25.1875,2026-07-13T08:40:44.437Z
sensor.buro_rack_monitor_intake_temp,25.3125,2026-07-13T08:40:59.450Z
sensor.buro_rack_monitor_intake_temp,25.25,2026-07-13T08:41:14.438Z
sensor.buro_rack_monitor_intake_temp,25.3125,2026-07-13T08:41:29.436Z
sensor.buro_rack_monitor_intake_temp,25.25,2026-07-13T08:41:59.436Z
sensor.buro_rack_monitor_intake_temp,25.3125,2026-07-13T08:43:14.437Z
sensor.buro_rack_monitor_intake_temp,25.25,2026-07-13T08:44:14.438Z
sensor.buro_rack_monitor_intake_temp,25.3125,2026-07-13T08:44:29.437Z
sensor.buro_rack_monitor_intake_temp,25.25,2026-07-13T08:45:29.438Z
sensor.buro_rack_monitor_intake_temp,25.3125,2026-07-13T08:47:14.439Z
sensor.buro_rack_monitor_intake_temp,25.25,2026-07-13T08:47:44.439Z
sensor.buro_rack_monitor_intake_temp,25.3125,2026-07-13T08:47:59.439Z
sensor.buro_rack_monitor_intake_temp,25.25,2026-07-13T08:48:29.440Z
sensor.buro_rack_monitor_intake_temp,25.1875,2026-07-13T08:48:44.441Z
sensor.buro_rack_monitor_intake_temp,25.25,2026-07-13T08:49:14.440Z
sensor.buro_rack_monitor_intake_temp,25.1875,2026-07-13T08:49:44.439Z
sensor.buro_rack_monitor_intake_temp,25.25,2026-07-13T08:50:14.441Z
sensor.buro_rack_monitor_intake_temp,25.3125,2026-07-13T08:50:29.440Z
sensor.buro_rack_monitor_intake_temp,25.25,2026-07-13T08:52:29.441Z
sensor.buro_rack_monitor_intake_temp,25.1875,2026-07-13T08:53:14.441Z
sensor.buro_rack_monitor_intake_temp,25.25,2026-07-13T08:53:29.446Z
sensor.buro_rack_monitor_intake_temp,25.3125,2026-07-13T08:53:44.556Z
sensor.buro_rack_monitor_intake_temp,25.375,2026-07-13T08:53:59.447Z
sensor.buro_rack_monitor_intake_temp,25.3125,2026-07-13T08:54:29.445Z
sensor.buro_rack_monitor_intake_temp,25.375,2026-07-13T08:55:59.443Z
sensor.buro_rack_monitor_intake_temp,25.3125,2026-07-13T08:56:14.442Z
sensor.buro_rack_monitor_intake_temp,25.25,2026-07-13T08:57:14.444Z
sensor.buro_rack_monitor_intake_temp,25.3125,2026-07-13T08:57:44.443Z
sensor.buro_rack_monitor_intake_temp,25.25,2026-07-13T08:57:59.442Z
sensor.buro_rack_monitor_intake_temp,25.3125,2026-07-13T08:58:44.442Z
sensor.buro_rack_monitor_intake_temp,25.375,2026-07-13T09:00:44.447Z
sensor.buro_rack_monitor_intake_temp,25.3125,2026-07-13T09:01:29.443Z
sensor.buro_rack_monitor_intake_temp,25.375,2026-07-13T09:01:44.445Z
sensor.buro_rack_monitor_intake_temp,25.3125,2026-07-13T09:01:59.549Z
sensor.buro_rack_monitor_intake_temp,25.375,2026-07-13T09:02:44.596Z
sensor.buro_rack_monitor_intake_temp,25.3125,2026-07-13T09:04:14.590Z
sensor.buro_rack_monitor_intake_temp,25.375,2026-07-13T09:04:44.444Z
sensor.buro_rack_monitor_intake_temp,25.4375,2026-07-13T09:05:14.445Z
sensor.buro_rack_monitor_intake_temp,25.375,2026-07-13T09:05:44.445Z
sensor.buro_rack_monitor_intake_temp,25.3125,2026-07-13T09:06:14.448Z
sensor.buro_rack_monitor_intake_temp,25.375,2026-07-13T09:06:29.446Z
sensor.buro_rack_monitor_intake_temp,25.3125,2026-07-13T09:06:44.445Z
sensor.buro_rack_monitor_intake_temp,25.375,2026-07-13T09:07:14.445Z
sensor.buro_rack_monitor_intake_temp,25.3125,2026-07-13T09:09:44.448Z
sensor.buro_rack_monitor_intake_temp,25.375,2026-07-13T09:10:29.447Z
sensor.buro_rack_monitor_intake_temp,25.4375,2026-07-13T09:11:14.447Z
sensor.buro_rack_monitor_intake_temp,25.3125,2026-07-13T09:12:14.449Z
sensor.buro_rack_monitor_intake_temp,25.25,2026-07-13T09:12:59.447Z
sensor.buro_rack_monitor_intake_temp,25.3125,2026-07-13T09:13:44.451Z
sensor.buro_rack_monitor_intake_temp,25.375,2026-07-13T09:14:14.448Z
sensor.buro_rack_monitor_intake_temp,25.3125,2026-07-13T09:14:44.447Z
sensor.buro_rack_monitor_intake_temp,25.25,2026-07-13T09:15:29.448Z
sensor.buro_rack_monitor_intake_temp,25.3125,2026-07-13T09:16:14.499Z
sensor.buro_rack_monitor_intake_temp,25.375,2026-07-13T09:16:29.450Z
sensor.buro_rack_monitor_intake_temp,25.4375,2026-07-13T09:18:44.449Z
sensor.buro_rack_monitor_intake_temp,25.375,2026-07-13T09:18:59.449Z
sensor.buro_rack_monitor_intake_temp,25.4375,2026-07-13T09:19:14.655Z
sensor.buro_rack_monitor_intake_temp,25.375,2026-07-13T09:19:29.452Z
sensor.buro_rack_monitor_intake_temp,25.3125,2026-07-13T09:20:59.453Z
sensor.buro_rack_monitor_intake_temp,25.375,2026-07-13T09:21:14.449Z
sensor.buro_rack_monitor_intake_temp,25.3125,2026-07-13T09:22:29.451Z
sensor.buro_rack_monitor_intake_temp,25.1875,2026-07-13T09:22:44.450Z
sensor.buro_rack_monitor_intake_temp,25.25,2026-07-13T09:22:59.454Z
sensor.buro_rack_monitor_intake_temp,25.3125,2026-07-13T09:23:14.452Z
sensor.buro_rack_monitor_intake_temp,25.375,2026-07-13T09:23:44.450Z
sensor.buro_rack_monitor_intake_temp,25.4375,2026-07-13T09:25:44.452Z
sensor.buro_rack_monitor_intake_temp,25.375,2026-07-13T09:25:59.453Z
sensor.buro_rack_monitor_intake_temp,25.3125,2026-07-13T09:27:14.453Z
sensor.buro_rack_monitor_intake_temp,25.375,2026-07-13T09:27:29.451Z
sensor.buro_rack_monitor_intake_temp,25.3125,2026-07-13T09:27:44.452Z
sensor.buro_rack_monitor_intake_temp,25.375,2026-07-13T09:27:59.451Z
sensor.buro_rack_monitor_intake_temp,25.4375,2026-07-13T09:29:44.453Z
sensor.buro_rack_monitor_intake_temp,25.5,2026-07-13T09:30:29.453Z
sensor.buro_rack_monitor_intake_temp,25.5625,2026-07-13T09:31:44.453Z
sensor.buro_rack_monitor_intake_temp,25.5,2026-07-13T09:32:29.453Z
sensor.buro_rack_monitor_intake_temp,25.5625,2026-07-13T09:32:59.453Z
sensor.buro_rack_monitor_intake_temp,25.625,2026-07-13T09:35:14.458Z
sensor.buro_rack_monitor_intake_temp,25.5625,2026-07-13T09:35:29.454Z
sensor.buro_rack_monitor_intake_temp,25.625,2026-07-13T09:39:44.455Z
sensor.buro_rack_monitor_intake_temp,25.5625,2026-07-13T09:40:14.455Z
sensor.buro_rack_monitor_intake_temp,25.625,2026-07-13T09:40:29.455Z
sensor.buro_rack_monitor_intake_temp,25.5625,2026-07-13T09:40:59.460Z
sensor.buro_rack_monitor_intake_temp,25.5,2026-07-13T09:41:14.460Z
sensor.buro_rack_monitor_intake_temp,25.5625,2026-07-13T09:41:44.460Z
sensor.buro_rack_monitor_intake_temp,25.625,2026-07-13T09:42:29.461Z
sensor.buro_rack_monitor_intake_temp,25.6875,2026-07-13T09:43:14.461Z
sensor.buro_rack_monitor_intake_temp,25.75,2026-07-13T09:44:29.461Z
sensor.buro_rack_monitor_intake_temp,25.8125,2026-07-13T09:46:29.634Z
sensor.buro_rack_monitor_intake_temp,25.875,2026-07-13T09:46:44.463Z
sensor.buro_rack_monitor_intake_temp,25.9375,2026-07-13T09:47:44.463Z
sensor.buro_rack_monitor_intake_temp,25.875,2026-07-13T09:47:59.462Z
sensor.buro_rack_monitor_intake_temp,25.9375,2026-07-13T09:49:44.463Z
sensor.buro_rack_monitor_intake_temp,26.0,2026-07-13T09:50:59.463Z
sensor.buro_rack_monitor_intake_temp,26.0625,2026-07-13T09:52:29.480Z
sensor.buro_rack_monitor_intake_temp,26.0,2026-07-13T09:52:44.463Z
sensor.buro_rack_monitor_intake_temp,25.9375,2026-07-13T09:54:14.463Z
sensor.buro_rack_monitor_intake_temp,26.0,2026-07-13T09:54:44.463Z
sensor.buro_rack_monitor_intake_temp,26.0625,2026-07-13T09:54:59.463Z
sensor.buro_rack_monitor_intake_temp,26.0,2026-07-13T09:55:14.464Z
sensor.buro_rack_monitor_intake_temp,25.9375,2026-07-13T09:56:29.464Z
sensor.buro_rack_monitor_intake_temp,26.0,2026-07-13T09:56:59.464Z
sensor.buro_rack_monitor_intake_temp,25.9375,2026-07-13T09:57:14.464Z
sensor.buro_rack_monitor_intake_temp,26.0,2026-07-13T09:57:29.464Z
sensor.buro_rack_monitor_intake_temp,26.0625,2026-07-13T09:58:59.548Z
sensor.buro_rack_monitor_intake_temp,26.0,2026-07-13T09:59:14.465Z
sensor.buro_rack_monitor_intake_temp,25.9375,2026-07-13T10:00:14.468Z
sensor.buro_rack_monitor_intake_temp,26.0,2026-07-13T10:00:44.472Z
sensor.buro_rack_monitor_intake_temp,25.9375,2026-07-13T10:01:29.477Z
sensor.buro_rack_monitor_intake_temp,26.0,2026-07-13T10:01:44.473Z
sensor.buro_rack_monitor_intake_temp,26.0625,2026-07-13T10:03:14.466Z
sensor.buro_rack_monitor_intake_temp,26.0,2026-07-13T10:04:44.467Z
sensor.buro_rack_monitor_intake_temp,26.0625,2026-07-13T10:04:59.468Z
sensor.buro_rack_monitor_intake_temp,26.0,2026-07-13T10:08:29.473Z
sensor.buro_rack_monitor_intake_temp,26.0625,2026-07-13T10:08:44.470Z
sensor.buro_rack_monitor_intake_temp,26.0,2026-07-13T10:08:59.469Z
sensor.buro_rack_monitor_intake_temp,26.0625,2026-07-13T10:09:14.468Z
sensor.buro_rack_monitor_intake_temp,26.125,2026-07-13T10:09:29.469Z
sensor.buro_rack_monitor_intake_temp,25.875,2026-07-13T10:10:29.470Z
sensor.buro_rack_monitor_intake_temp,25.75,2026-07-13T10:10:44.468Z
sensor.buro_rack_monitor_intake_temp,25.6875,2026-07-13T10:11:14.468Z
sensor.buro_rack_monitor_intake_temp,25.625,2026-07-13T10:12:44.460Z
sensor.buro_rack_monitor_intake_temp,25.5625,2026-07-13T10:12:59.466Z
sensor.buro_rack_monitor_intake_temp,25.6875,2026-07-13T10:13:29.465Z
sensor.buro_rack_monitor_intake_temp,25.625,2026-07-13T10:14:14.465Z
sensor.buro_rack_monitor_intake_temp,25.5625,2026-07-13T10:16:29.466Z
sensor.buro_rack_monitor_intake_temp,25.5,2026-07-13T10:16:59.466Z
sensor.buro_rack_monitor_intake_temp,25.4375,2026-07-13T10:17:14.467Z
sensor.buro_rack_monitor_intake_temp,25.375,2026-07-13T10:17:29.467Z
sensor.buro_rack_monitor_intake_temp,25.3125,2026-07-13T10:17:59.467Z
sensor.buro_rack_monitor_intake_temp,25.375,2026-07-13T10:18:14.467Z
sensor.buro_rack_monitor_intake_temp,25.3125,2026-07-13T10:18:29.468Z
sensor.buro_rack_monitor_intake_temp,25.375,2026-07-13T10:19:44.484Z
sensor.buro_rack_monitor_intake_temp,25.3125,2026-07-13T10:19:59.468Z
sensor.buro_rack_monitor_intake_temp,25.25,2026-07-13T10:21:59.472Z
sensor.buro_rack_monitor_intake_temp,25.3125,2026-07-13T10:22:29.471Z
sensor.buro_rack_monitor_intake_temp,25.25,2026-07-13T10:22:44.484Z
sensor.buro_rack_monitor_intake_temp,25.3125,2026-07-13T10:24:59.474Z
sensor.buro_rack_monitor_intake_temp,25.25,2026-07-13T10:25:14.561Z
sensor.buro_rack_monitor_intake_temp,25.3125,2026-07-13T10:25:29.471Z
sensor.buro_rack_monitor_intake_temp,25.375,2026-07-13T10:28:29.471Z
sensor.buro_rack_monitor_intake_temp,25.3125,2026-07-13T10:29:14.471Z
sensor.buro_rack_monitor_intake_temp,25.375,2026-07-13T10:29:29.533Z
sensor.buro_rack_monitor_intake_temp,25.4375,2026-07-13T10:31:14.472Z
sensor.buro_rack_monitor_intake_temp,25.375,2026-07-13T10:31:44.472Z
sensor.buro_rack_monitor_intake_temp,25.4375,2026-07-13T10:35:14.487Z
sensor.buro_rack_monitor_intake_temp,25.375,2026-07-13T10:35:29.473Z
sensor.buro_rack_monitor_intake_temp,25.4375,2026-07-13T10:35:44.473Z
sensor.buro_rack_monitor_intake_temp,25.375,2026-07-13T10:35:59.473Z
sensor.buro_rack_monitor_intake_temp,25.4375,2026-07-13T10:36:29.472Z
sensor.buro_rack_monitor_intake_temp,25.375,2026-07-13T10:36:44.473Z
sensor.buro_rack_monitor_intake_temp,25.4375,2026-07-13T10:36:59.641Z
sensor.buro_rack_monitor_intake_temp,25.375,2026-07-13T10:37:14.474Z
sensor.buro_rack_monitor_intake_temp,25.4375,2026-07-13T10:38:44.475Z
sensor.buro_rack_monitor_intake_temp,25.5,2026-07-13T10:42:59.475Z
sensor.buro_rack_monitor_intake_temp,25.4375,2026-07-13T10:43:14.509Z
sensor.buro_rack_monitor_intake_temp,25.5,2026-07-13T10:44:14.477Z
sensor.buro_rack_monitor_intake_temp,25.4375,2026-07-13T10:44:44.477Z
sensor.buro_rack_monitor_intake_temp,25.5,2026-07-13T10:45:29.476Z
sensor.buro_rack_monitor_intake_temp,25.4375,2026-07-13T10:46:14.477Z
sensor.buro_rack_monitor_intake_temp,25.5,2026-07-13T10:46:29.532Z
sensor.buro_rack_monitor_intake_temp,25.4375,2026-07-13T10:52:14.479Z
sensor.buro_rack_monitor_intake_temp,25.5,2026-07-13T10:52:44.482Z
sensor.buro_rack_monitor_intake_temp,25.4375,2026-07-13T10:53:29.479Z
sensor.buro_rack_monitor_intake_temp,25.5,2026-07-13T10:54:14.479Z
sensor.buro_rack_monitor_intake_temp,25.4375,2026-07-13T10:55:14.481Z
sensor.buro_rack_monitor_intake_temp,25.5,2026-07-13T10:55:29.480Z
sensor.buro_rack_monitor_intake_temp,25.5625,2026-07-13T10:57:29.481Z
sensor.buro_rack_monitor_intake_temp,25.5,2026-07-13T10:58:14.505Z
sensor.buro_rack_monitor_intake_temp,25.5625,2026-07-13T10:58:29.480Z
sensor.buro_rack_monitor_intake_temp,25.5,2026-07-13T10:58:59.489Z
sensor.buro_rack_monitor_intake_temp,25.5625,2026-07-13T10:59:14.481Z
sensor.buro_rack_monitor_intake_temp,25.625,2026-07-13T11:01:29.485Z
sensor.buro_rack_monitor_intake_temp,25.5625,2026-07-13T11:01:44.481Z
sensor.buro_rack_monitor_intake_temp,25.5,2026-07-13T11:02:29.482Z
sensor.buro_rack_monitor_intake_temp,25.5625,2026-07-13T11:02:44.482Z
sensor.buro_rack_monitor_intake_temp,25.5,2026-07-13T11:02:59.482Z
sensor.buro_rack_monitor_intake_temp,25.5625,2026-07-13T11:03:29.482Z
sensor.buro_rack_monitor_intake_temp,25.5,2026-07-13T11:03:44.482Z
sensor.buro_rack_monitor_intake_temp,25.5625,2026-07-13T11:03:59.484Z
sensor.buro_rack_monitor_intake_temp,25.5,2026-07-13T11:10:29.484Z
sensor.buro_rack_monitor_intake_temp,25.5625,2026-07-13T11:10:44.718Z
sensor.buro_rack_monitor_intake_temp,25.5,2026-07-13T11:10:59.484Z
sensor.buro_rack_monitor_intake_temp,25.5625,2026-07-13T11:11:14.485Z
sensor.buro_rack_monitor_intake_temp,25.625,2026-07-13T11:11:44.607Z
sensor.buro_rack_monitor_intake_temp,25.6875,2026-07-13T11:12:14.736Z
sensor.buro_rack_monitor_intake_temp,25.625,2026-07-13T11:12:29.485Z
sensor.buro_rack_monitor_intake_temp,25.6875,2026-07-13T11:12:44.485Z
sensor.buro_rack_monitor_intake_temp,25.75,2026-07-13T11:13:29.485Z
sensor.buro_rack_monitor_intake_temp,25.6875,2026-07-13T11:13:44.484Z
sensor.buro_rack_monitor_intake_temp,25.75,2026-07-13T11:14:14.522Z
sensor.buro_rack_monitor_intake_temp,25.8125,2026-07-13T11:14:59.489Z
sensor.buro_rack_monitor_intake_temp,25.875,2026-07-13T11:16:44.486Z
sensor.buro_rack_monitor_intake_temp,25.8125,2026-07-13T11:16:59.550Z
sensor.buro_rack_monitor_intake_temp,25.875,2026-07-13T11:17:14.487Z
sensor.buro_rack_monitor_intake_temp,25.9375,2026-07-13T11:18:29.500Z
sensor.buro_rack_monitor_intake_temp,26.0,2026-07-13T11:19:29.487Z
sensor.buro_rack_monitor_intake_temp,26.0625,2026-07-13T11:19:59.487Z
sensor.buro_rack_monitor_intake_temp,26.0,2026-07-13T11:20:14.487Z
sensor.buro_rack_monitor_intake_temp,26.0625,2026-07-13T11:21:29.488Z
sensor.buro_rack_monitor_intake_temp,26.125,2026-07-13T11:21:44.487Z
sensor.buro_rack_monitor_intake_temp,26.0625,2026-07-13T11:21:59.490Z
sensor.buro_rack_monitor_intake_temp,26.125,2026-07-13T11:23:29.488Z
sensor.buro_rack_monitor_intake_temp,26.0625,2026-07-13T11:23:59.489Z
sensor.buro_rack_monitor_intake_temp,26.1875,2026-07-13T11:24:44.579Z
sensor.buro_rack_monitor_intake_temp,26.25,2026-07-13T11:25:29.489Z
sensor.buro_rack_monitor_intake_temp,26.1875,2026-07-13T11:26:59.488Z
sensor.buro_rack_monitor_intake_temp,26.125,2026-07-13T11:30:14.496Z
sensor.buro_rack_monitor_intake_temp,26.1875,2026-07-13T11:30:29.490Z
sensor.buro_rack_monitor_intake_temp,26.25,2026-07-13T11:32:29.491Z
sensor.buro_rack_monitor_intake_temp,26.1875,2026-07-13T11:32:44.490Z
sensor.buro_rack_monitor_intake_temp,26.25,2026-07-13T11:33:14.490Z
sensor.buro_rack_monitor_intake_temp,26.1875,2026-07-13T11:33:29.531Z
sensor.buro_rack_monitor_intake_temp,26.25,2026-07-13T11:35:14.490Z
sensor.buro_rack_monitor_intake_temp,26.1875,2026-07-13T11:35:44.877Z
sensor.buro_rack_monitor_intake_temp,26.25,2026-07-13T11:35:59.490Z
sensor.buro_rack_monitor_intake_temp,26.1875,2026-07-13T11:38:59.491Z
sensor.buro_rack_monitor_intake_temp,26.25,2026-07-13T11:39:14.491Z
sensor.buro_rack_monitor_intake_temp,26.1875,2026-07-13T11:39:29.491Z
sensor.buro_rack_monitor_intake_temp,26.125,2026-07-13T11:43:59.492Z
sensor.buro_rack_monitor_intake_temp,26.1875,2026-07-13T11:45:59.493Z
sensor.buro_rack_monitor_intake_temp,26.125,2026-07-13T11:46:29.493Z
sensor.buro_rack_monitor_intake_temp,26.1875,2026-07-13T11:46:59.493Z
sensor.buro_rack_monitor_intake_temp,26.125,2026-07-13T11:47:14.493Z
sensor.buro_rack_monitor_intake_temp,26.1875,2026-07-13T11:47:59.493Z
sensor.buro_rack_monitor_intake_temp,26.25,2026-07-13T11:48:59.494Z
sensor.buro_rack_monitor_intake_temp,26.1875,2026-07-13T11:49:14.714Z
sensor.buro_rack_monitor_intake_temp,26.125,2026-07-13T11:50:29.494Z
sensor.buro_rack_monitor_intake_temp,26.0625,2026-07-13T11:52:14.498Z
sensor.buro_rack_monitor_intake_temp,26.125,2026-07-13T11:52:29.501Z
sensor.buro_rack_monitor_intake_temp,26.1875,2026-07-13T11:53:59.495Z
sensor.buro_rack_monitor_intake_temp,26.125,2026-07-13T11:54:14.495Z
sensor.buro_rack_monitor_intake_temp,26.1875,2026-07-13T11:54:29.495Z
sensor.buro_rack_monitor_intake_temp,26.25,2026-07-13T11:56:59.547Z
sensor.buro_rack_monitor_intake_temp,26.3125,2026-07-13T11:57:44.497Z
sensor.buro_rack_monitor_intake_temp,26.25,2026-07-13T11:57:59.582Z
sensor.buro_rack_monitor_intake_temp,26.3125,2026-07-13T11:58:29.497Z
sensor.buro_rack_monitor_intake_temp,26.25,2026-07-13T11:58:44.500Z
sensor.buro_rack_monitor_intake_temp,26.3125,2026-07-13T11:58:59.764Z
sensor.buro_rack_monitor_intake_temp,26.25,2026-07-13T11:59:29.705Z
sensor.buro_rack_monitor_intake_temp,26.3125,2026-07-13T11:59:44.502Z
sensor.buro_rack_monitor_intake_temp,26.375,2026-07-13T12:00:14.498Z
sensor.buro_rack_monitor_intake_temp,26.3125,2026-07-13T12:01:44.499Z
sensor.buro_rack_monitor_intake_temp,26.375,2026-07-13T12:01:59.509Z
sensor.buro_rack_monitor_intake_temp,26.4375,2026-07-13T12:03:14.512Z
sensor.buro_rack_monitor_intake_temp,26.375,2026-07-13T12:03:29.539Z
sensor.buro_rack_monitor_intake_temp,26.4375,2026-07-13T12:04:14.499Z
sensor.buro_rack_monitor_intake_temp,26.375,2026-07-13T12:04:44.500Z
sensor.buro_rack_monitor_intake_temp,26.3125,2026-07-13T12:05:29.501Z
sensor.buro_rack_monitor_intake_temp,26.375,2026-07-13T12:05:59.500Z
sensor.buro_rack_monitor_intake_temp,26.3125,2026-07-13T12:06:14.500Z
sensor.buro_rack_monitor_intake_temp,26.375,2026-07-13T12:06:59.507Z
sensor.buro_rack_monitor_intake_temp,26.4375,2026-07-13T12:07:44.503Z
sensor.buro_rack_monitor_intake_temp,26.375,2026-07-13T12:08:29.502Z
sensor.buro_rack_monitor_intake_temp,26.3125,2026-07-13T12:09:44.681Z
sensor.buro_rack_monitor_intake_temp,26.375,2026-07-13T12:09:59.502Z
sensor.buro_rack_monitor_intake_temp,26.4375,2026-07-13T12:13:14.506Z
sensor.buro_rack_monitor_intake_temp,26.375,2026-07-13T12:13:44.503Z
sensor.buro_rack_monitor_intake_temp,26.3125,2026-07-13T12:14:59.504Z
sensor.buro_rack_monitor_intake_temp,26.375,2026-07-13T12:15:29.504Z
sensor.buro_rack_monitor_intake_temp,26.4375,2026-07-13T12:17:29.506Z
sensor.buro_rack_monitor_intake_temp,26.375,2026-07-13T12:17:44.505Z
sensor.buro_rack_monitor_intake_temp,26.3125,2026-07-13T12:19:29.504Z
sensor.buro_rack_monitor_intake_temp,26.375,2026-07-13T12:19:44.523Z
sensor.buro_rack_monitor_intake_temp,26.3125,2026-07-13T12:20:59.506Z
sensor.buro_rack_monitor_intake_temp,26.375,2026-07-13T12:21:14.790Z
sensor.buro_rack_monitor_intake_temp,26.3125,2026-07-13T12:21:29.506Z
sensor.buro_rack_monitor_intake_temp,26.375,2026-07-13T12:21:44.505Z
sensor.buro_rack_monitor_intake_temp,26.3125,2026-07-13T12:22:14.505Z
sensor.buro_rack_monitor_intake_temp,26.375,2026-07-13T12:22:29.506Z
sensor.buro_rack_monitor_intake_temp,26.4375,2026-07-13T12:25:59.506Z
sensor.buro_rack_monitor_intake_temp,26.375,2026-07-13T12:26:29.507Z
sensor.buro_rack_monitor_intake_temp,26.4375,2026-07-13T12:26:59.507Z
sensor.buro_rack_monitor_intake_temp,26.375,2026-07-13T12:27:29.507Z
sensor.buro_rack_monitor_intake_temp,26.4375,2026-07-13T12:29:44.514Z
sensor.buro_rack_monitor_intake_temp,26.375,2026-07-13T12:30:14.554Z
sensor.buro_rack_monitor_intake_temp,26.3125,2026-07-13T12:34:29.510Z
sensor.buro_rack_monitor_intake_temp,26.375,2026-07-13T12:35:14.509Z
sensor.buro_rack_monitor_intake_temp,26.3125,2026-07-13T12:35:29.509Z
sensor.buro_rack_monitor_intake_temp,26.375,2026-07-13T12:35:44.512Z
sensor.buro_rack_monitor_intake_temp,26.3125,2026-07-13T12:37:14.510Z
sensor.buro_rack_monitor_intake_temp,26.375,2026-07-13T12:37:29.511Z
sensor.buro_rack_monitor_intake_temp,26.3125,2026-07-13T12:37:44.556Z
sensor.buro_rack_monitor_intake_temp,26.375,2026-07-13T12:39:44.627Z
sensor.buro_rack_monitor_intake_temp,26.3125,2026-07-13T12:40:59.512Z
sensor.buro_rack_monitor_intake_temp,26.375,2026-07-13T12:42:14.514Z
sensor.buro_rack_monitor_intake_temp,26.3125,2026-07-13T12:42:44.513Z
sensor.buro_rack_monitor_intake_temp,26.375,2026-07-13T12:44:29.517Z
sensor.buro_rack_monitor_intake_temp,26.4375,2026-07-13T12:45:44.513Z
sensor.buro_rack_monitor_intake_temp,26.375,2026-07-13T12:46:14.513Z
sensor.buro_rack_monitor_intake_temp,26.4375,2026-07-13T12:46:44.512Z
sensor.buro_rack_monitor_intake_temp,26.375,2026-07-13T12:47:29.512Z
sensor.buro_rack_monitor_intake_temp,26.4375,2026-07-13T12:48:59.513Z
sensor.buro_rack_monitor_intake_temp,26.375,2026-07-13T12:49:14.513Z
sensor.buro_rack_monitor_intake_temp,26.4375,2026-07-13T12:49:29.513Z
sensor.buro_rack_monitor_intake_temp,26.375,2026-07-13T12:49:59.514Z
sensor.buro_rack_monitor_intake_temp,26.3125,2026-07-13T12:50:29.517Z
sensor.buro_rack_monitor_intake_temp,26.375,2026-07-13T12:50:44.513Z
sensor.buro_rack_monitor_intake_temp,26.4375,2026-07-13T12:51:59.767Z
sensor.buro_rack_monitor_intake_temp,26.375,2026-07-13T12:52:14.522Z
sensor.buro_rack_monitor_intake_temp,26.3125,2026-07-13T12:53:44.521Z
sensor.buro_rack_monitor_intake_temp,26.1875,2026-07-13T12:53:59.694Z
sensor.buro_rack_monitor_intake_temp,26.125,2026-07-13T12:54:14.523Z
sensor.buro_rack_monitor_intake_temp,26.0625,2026-07-13T12:54:29.520Z
sensor.buro_rack_monitor_intake_temp,26.125,2026-07-13T12:54:44.520Z
sensor.buro_rack_monitor_intake_temp,26.1875,2026-07-13T12:54:59.521Z
sensor.buro_rack_monitor_intake_temp,26.125,2026-07-13T12:55:29.521Z
sensor.buro_rack_monitor_intake_temp,26.0,2026-07-13T12:55:44.562Z
sensor.buro_rack_monitor_intake_temp,25.9375,2026-07-13T12:56:14.537Z
sensor.buro_rack_monitor_intake_temp,25.875,2026-07-13T12:56:59.521Z
sensor.buro_rack_monitor_intake_temp,25.8125,2026-07-13T12:57:44.524Z
sensor.buro_rack_monitor_intake_temp,25.9375,2026-07-13T12:57:59.522Z
sensor.buro_rack_monitor_intake_temp,26.0,2026-07-13T12:58:29.520Z
sensor.buro_rack_monitor_intake_temp,25.9375,2026-07-13T12:59:14.509Z
sensor.buro_rack_monitor_intake_temp,25.875,2026-07-13T12:59:29.530Z
sensor.buro_rack_monitor_intake_temp,25.8125,2026-07-13T12:59:44.523Z
sensor.buro_rack_monitor_intake_temp,25.75,2026-07-13T13:00:14.518Z
sensor.buro_rack_monitor_intake_temp,25.6875,2026-07-13T13:01:59.519Z
sensor.buro_rack_monitor_intake_temp,25.625,2026-07-13T13:03:29.521Z
sensor.buro_rack_monitor_intake_temp,25.6875,2026-07-13T13:03:44.606Z
sensor.buro_rack_monitor_intake_temp,25.625,2026-07-13T13:04:14.519Z
sensor.buro_rack_monitor_intake_temp,25.6875,2026-07-13T13:07:14.525Z
sensor.buro_rack_monitor_intake_temp,25.75,2026-07-13T13:07:29.520Z
sensor.buro_rack_monitor_intake_temp,25.6875,2026-07-13T13:08:44.521Z
sensor.buro_rack_monitor_intake_temp,25.75,2026-07-13T13:09:14.521Z
sensor.buro_rack_monitor_intake_temp,25.6875,2026-07-13T13:09:29.565Z
sensor.buro_rack_monitor_intake_temp,25.625,2026-07-13T13:09:59.710Z
sensor.buro_rack_monitor_intake_temp,25.5625,2026-07-13T13:10:14.521Z
sensor.buro_rack_monitor_intake_temp,25.5,2026-07-13T13:10:44.521Z
sensor.buro_rack_monitor_intake_temp,25.4375,2026-07-13T13:13:59.522Z
sensor.buro_rack_monitor_intake_temp,25.375,2026-07-13T13:15:29.523Z
sensor.buro_rack_monitor_intake_temp,25.4375,2026-07-13T13:15:44.523Z
sensor.buro_rack_monitor_intake_temp,25.375,2026-07-13T13:15:59.523Z
sensor.buro_rack_monitor_intake_temp,25.3125,2026-07-13T13:20:14.524Z
sensor.buro_rack_monitor_intake_temp,25.375,2026-07-13T13:20:44.524Z
sensor.buro_rack_monitor_intake_temp,25.3125,2026-07-13T13:20:59.527Z
sensor.buro_rack_monitor_intake_temp,25.25,2026-07-13T13:25:14.526Z
sensor.buro_rack_monitor_intake_temp,25.3125,2026-07-13T13:25:59.526Z
sensor.buro_rack_monitor_intake_temp,25.25,2026-07-13T13:26:29.526Z
sensor.buro_rack_monitor_intake_temp,25.3125,2026-07-13T13:26:44.657Z
sensor.buro_rack_monitor_intake_temp,25.25,2026-07-13T13:27:14.531Z
sensor.buro_rack_monitor_intake_temp,25.1875,2026-07-13T13:31:14.528Z
sensor.buro_rack_monitor_intake_temp,25.25,2026-07-13T13:31:29.528Z
sensor.buro_rack_monitor_intake_temp,25.1875,2026-07-13T13:31:44.528Z
sensor.buro_rack_monitor_intake_temp,25.25,2026-07-13T13:33:14.529Z
sensor.buro_rack_monitor_intake_temp,25.1875,2026-07-13T13:33:29.529Z
sensor.buro_rack_monitor_intake_temp,25.25,2026-07-13T13:33:44.529Z
sensor.buro_rack_monitor_intake_temp,25.1875,2026-07-13T13:33:59.529Z
sensor.buro_rack_monitor_intake_temp,25.125,2026-07-13T13:39:29.615Z
sensor.buro_rack_monitor_intake_temp,25.1875,2026-07-13T13:39:59.587Z
sensor.buro_rack_monitor_intake_temp,25.125,2026-07-13T13:40:29.547Z
sensor.buro_rack_monitor_intake_temp,25.1875,2026-07-13T13:42:29.532Z
sensor.buro_rack_monitor_intake_temp,25.125,2026-07-13T13:42:44.534Z
sensor.buro_rack_monitor_intake_temp,25.1875,2026-07-13T13:42:59.532Z
sensor.buro_rack_monitor_intake_temp,25.125,2026-07-13T13:43:14.534Z
sensor.buro_rack_monitor_intake_temp,25.0625,2026-07-13T13:51:14.537Z
sensor.buro_rack_monitor_intake_temp,25.125,2026-07-13T13:51:29.544Z
sensor.buro_rack_monitor_intake_temp,25.0625,2026-07-13T13:51:44.540Z
sensor.buro_rack_monitor_intake_temp,25.125,2026-07-13T13:51:59.536Z
sensor.buro_rack_monitor_intake_temp,25.0625,2026-07-13T13:52:14.536Z
sensor.buro_rack_monitor_intake_temp,25.125,2026-07-13T13:52:29.536Z
sensor.buro_rack_monitor_intake_temp,25.0625,2026-07-13T13:53:14.536Z
sensor.buro_rack_monitor_intake_temp,25.125,2026-07-13T13:53:29.544Z
sensor.buro_rack_monitor_intake_temp,25.0625,2026-07-13T13:54:14.538Z
sensor.buro_rack_monitor_intake_temp,25.125,2026-07-13T13:54:29.536Z
sensor.buro_rack_monitor_intake_temp,25.0625,2026-07-13T13:54:44.539Z
sensor.buro_rack_monitor_intake_temp,25.125,2026-07-13T13:54:59.537Z
sensor.buro_rack_monitor_intake_temp,25.0625,2026-07-13T13:55:29.537Z
sensor.buro_rack_monitor_intake_temp,25.125,2026-07-13T13:56:14.538Z
sensor.buro_rack_monitor_intake_temp,25.1875,2026-07-13T13:57:44.537Z
sensor.buro_rack_monitor_intake_temp,25.25,2026-07-13T13:57:59.538Z
sensor.buro_rack_monitor_intake_temp,25.3125,2026-07-13T13:58:59.839Z
sensor.buro_rack_monitor_intake_temp,25.375,2026-07-13T13:59:14.539Z
